Town or City,Floor Vote Turnout (%),Australian ballot Turnout (%),year,aus-due-to-covid-in-2021
 Albany,0.159090909,,2014,
Addison,0.094094094,0.325325325,2014,
Alburgh,,0.296627667,2014,
Andover,0.210918114,,2014,
Arlington,,0.226500566,2014,
Athens,0.247368421,,2014,
Bakersfield,0.07173913,0.152173913,2014,
Baltimore,0.178947368,,2014,
Barnet,0.119402985,0.099764336,2014,
Barre City,,0.200695581,2014,
Barton,,0.06097561,2014,
Belvidere,0.142156863,,2014,
Bennington,,0.261591696,2014,
Berkshire,,0.184475806,2014,
Berlin,,0.223336853,2014,
Bethel,0.110941086,,2014,
Bloomfield,,,2014,
Bolton,0.064239829,0.316916488,2014,
Bradford,0.104125737,,2014,
Braintree,0.076754386,,2014,
Brandon,,0.440905874,2014,
Brattleboro,0.01747409,0.106049651,2014,
Bridgewater,0.133971292,,2014,
Bridport,,0.280312907,2014,
 Brighton,,0.239179954,2014,
Bristol,0.046743295,0.201149425,2014,
Brownington,,,2014,
Brunswick,0.306666667,,2014,
Burlington,,0.259626074,2014,
Cabot,0.043935053,0.273161414,2014,
Calais,0.154559505,0.278979907,2014,
Cambridge,,0.105553639,2014,
Canaan,,0.193929174,2014,
Cavendish,,,2014,
Charleston,0.148091603,0.079389313,2014,
Chelsea,0.102957284,,2014,
Chester,0.038770053,0.179144385,2014,
Chittenden,,,2014,
Clarendon,,10.20408163,2014,
Colchester,,0.261122881,2014,
Concord,,0.433121019,2014,
Corinth,0.103519669,0.243271222,2014,
Coventry,0.115835777,,2014,
Danby,0.058295964,0.510089686,2014,
Danville,0.138721351,0.173703257,2014,
Derby,,0.251965924,2014,
Dorset,0.076322115,0.231370192,2014,
Dummerston,0.060459492,0.186819831,2014,
Duxbury,0.138063279,0.233940556,2014,
East Haven,0.126984127,0.365079365,2014,
East Montpelier,0.100250627,0.271679198,2014,
Essex,0.016611507,0.13371945,2014,
Fair Haven,,0.28125,2014,
Fairfax,0.029705972,0.186117005,2014,
Fairfield,0.080321285,0.170281124,2014,
Fairlee,0.110192837,,2014,
Fayston,0.080779944,,2014,
Fletcher,0.144508671,,2014,
Franklin,0.091224018,0.197459584,2014,
Georgia,0.053125,0.2471875,2014,
Glover,0.125322997,,2014,
Goshen,,0.392857143,2014,
Grafton,0.153225806,0.413306452,2014,
Granby,0.403508772,0.245614035,2014,
Grand isle,,0.500645161,2014,
Granville,0.140350877,,2014,
Greensboro,0.193321617,0.196836555,2014,
Groton,0.191290824,,2014,
Guildhall,,0.361702128,2014,
Guildford,,0.116646416,2014,
Halifax,0.180608365,0.27756654,2014,
Hartford,,0.185765847,2014,
Hartland,0.073251029,0.243621399,2014,
Highgate,0.063703704,0.219259259,2014,
Hinesburg,,0.211898941,2014,
Holland,0.194871795,0.266666667,2014,
Hubbardton,0.097609562,0.288844622,2014,
Huntington,0.082587749,0.232622161,2014,
Hyde Park,0.070493454,0.110775428,2014,
Ira,0.116923077,0.196923077,2014,
Irasburg,0.162822252,,2014,
Isle La Motte,,0.428571429,2014,
Jamaica,0.110935024,,2014,
Jay,0.158227848,0.17721519,2014,
Jericho,0.052110474,0.232152163,2014,
Johnson,0.048125633,0.103850051,2014,
Killington,,0.314124294,2014,
Kirby,0.183139535,,2014,
Landgrove,0.355371901,,2014,
Leicester,,0.221428571,2014,
Lemington,0.277777778,,2014,
Lincoln,0.109359606,0.322167488,2014,
Londonderry,0.102664577,,2014,
Lowell,0.253996448,0.245115453,2014,
Lunenburg,0.036157025,0.193181818,2014,
Lyndon,0.028589581,0.102287166,2014,
Maidstone,0.248175182,,2014,
Manchester,,0.091219096,2014,
Marlboro,,0.236574746,2014,
Marshfield,0.11732852,0.226534296,2014,
Mendon,,0.168525403,2014,
Middlebury,0.060750705,0.385766978,2014,
Middlesex,0.136054422,0.228571429,2014,
Middletown Springs,,0.503225806,2014,
Milton,,0.266095607,2014,
Monkton,,0.306487696,2014,
Montgomery,0.055079559,,2014,
Montpelier,,0.388448112,2014,
Moretown,0.034626039,0.234072022,2014,
Morriston,0.055605114,0.234611954,2014,
Mount Holly,,0.449786325,2014,
Mount Tabor,0.122137405,0.244274809,2014,
New Haven,,0.311570248,2014,
Newark,0.197619048,,2014,
Newbury,,0.07421875,2014,
Newfane,,0.363855422,2014,
Newport City,,0.151311775,2014,
Newport Town,0.068126521,,2014,
North Hero,,0.3203125,2014,
Northfield,0.031796502,0.236248013,2014,
Norton,,0.463636364,2014,
Norwich,,0.278745645,2014,
Orange,0.151832461,,2014,
Orwell,0.130489335,0.25846926,2014,
Panton,,0.230593607,2014,
Pawlet,,0.30109671,2014,
Peacham,0.184170472,,2014,
Peru,0.236666667,,2014,
Pittsfield,0.11299435,,2014,
Pittsford,0.048928239,0.299627213,2014,
Plainfield,,0.224581006,2014,
Plymouth,0.102880658,0.481481481,2014,
Pomfret,0.254374159,,2014,
Poultney,,0.259502581,2014,
Proctor,0.110083256,0.232192414,2014,
Putney,0.059559261,0.131625968,2014,
Randolph,,0.162585034,2014,
Reading,0.203665988,,2014,
Readsboro,,0.34962406,2014,
Richford,,0.279920213,2014,
Richmond,0.056833559,0.294993234,2014,
Ripton,,0.296052632,2014,
Rochester,0.127848101,,2014,
Rockingham,0.050505051,0.264357864,2014,
Roxbury,0.133086876,0.382624769,2014,
Royalton,,0.226160759,2014,
Rupert,,0.39958159,2014,
Ryegate,0.094318182,0.260227273,2014,
Saint Albans Town,,0.270970782,2014,
Salisbury,,0.271634615,2014,
Sandgate,,0.257627119,2014,
Searsburg,,0.376623377,2014,
Shaftsbury,0.044733632,0.312322082,2014,
Sharon,0.108481262,0.160749507,2014,
Shelburne,,0.429025845,2014,
Shrewsbury,,0.293274531,2014,
South Burlington,,0.239747886,2014,
South Hero,0.066666667,0.400740741,2014,
Springfield,,0.234815373,2014,
St. Albans City,,0.158078806,2014,
St. Johnsbury,,0.292217029,2014,
Stannard,0.15625,,2014,
Starksboro,0.088729017,0.142286171,2014,
Stockbridge,0.127530364,,2014,
Stowe,0.051246917,0.228829816,2014,
Strafford,0.196832579,,2014,
Stratton,0.196891192,,2014,
Sudbury,0.21319797,,2014,
Sunderland,0.102362205,0.196850394,2014,
Swanton,,0.237279057,2014,
Thetford,0.074534161,0.269469661,2014,
Tinmouth,0.180451128,0.313283208,2014,
Topsham,0.107634543,,2014,
Townshend,0.152486188,,2014,
Troy,0.071428571,0.075510204,2014,
Tunbridge,0.115911486,,2014,
Underhill,,0.289294817,2014,
Victory,0.661764706,,2014,
Waitsfield,0.132260322,0.368789363,2014,
Walden,0.125,0.356707317,2014,
Wallingford,,0.374237288,2014,
Waltham,1,2.162162162,2014,
Wardsboro,0.157370518,,2014,
Warren,0.123351435,0.18386346,2014,
Washington,0.064102564,0.08974359,2014,
Waterbury,,0.397370539,2014,
Waterford,0.101769912,0.142699115,2014,
Waterville,0.053903346,,2014,
Weathersfield,,0.326023392,2014,
Wells,,0.247596154,2014,
West Fairlee,,0.190789474,2014,
West Windsor,0.2075,,2014,
Westfield,0.120320856,0.157754011,2014,
Westford,0.127152318,0.424503311,2014,
Westminster,0.059513467,0.16246742,2014,
Weston,0.334020619,,2014,
Weybridge,0.179856115,0.372661871,2014,
Wheelock,0.1640625,0.2578125,2014,
Williamstown,0.041453429,0.177072671,2014,
Williston,,0.159004068,2014,
Wilmington,0.044544868,0.280180762,2014,
Windham,0.192429022,,2014,
Windsor,,0.172894022,2014,
Winhall,0.126182965,0.127760252,2014,
Winooski,,0.131654264,2014,
Woodbury,0.182094082,,2014,
Woodstock,0.033987915,0.206193353,2014,
Addison,,0.261386139,2015,
Albany,0.147909968,,2015,
Alburgh,,0.306191117,2015,
Andover,0.176923077,,2015,
Arlington,0.045897877,0.189328744,2015,
Athens,0.290640394,0.36453202,2015,
Bakersfield,0.072826087,0.14673913,2015,
Barnard,0.225609756,,2015,
Barnet,0.116640747,0.092534992,2015,
Barre City,,0.229379761,2015,
Barton,,0.082407949,2015,
Belvidere,0.130434783,,2015,
Bennington 2-1 & 2-2,,0.330257407,2015,
Benson,0.073855244,0.225997046,2015,
Berkshire,,0.203873598,2015,
Berlin,,0.221624529,2015,
Bethel,0.105660377,,2015,
Bloomfield,1,,2015,
Bolton,0.075268817,0.194623656,2015,
Bradford,0.06824147,,2015,
Braintree,0.086767896,,2015,
Brandon,,0.372500877,2015,
Brattleboro,,0.14696528,2015,
Bridgewater,0.194577352,,2015,
Bridport,,0.277427491,2015,
Brighton,,0.21744325,2015,
Bristol,0.071368598,0.280436608,2015,
Brookfield,,0.196351931,2015,
Brookline,,,2015,
Brownington,0.187958884,,2015,
Brunswick,0.287671233,,2015,
Burke,,0.216572505,2015,
Burlington - Wards 1-8,,0.252123738,2015,
Cabot,0.101946247,0.317886932,2015,
Calais,0.152555301,0.254767353,2015,
Cambridge,0.060428177,0.095303867,2015,
Canaan,,0.132231405,2015,
Cavendish,,0.213408876,2015,
Charleston,0.136778116,0.092705167,2015,
Charlotte,0.054773083,0.364632238,2015,
Chelsea,0.725925926,,2015,
Chester,0.02250225,0.262826283,2015,
Clarendon,,0.261783078,2015,
Concord,,0.30964467,2015,
Corinth,0.112936345,0.198151951,2015,
Coventry,0.110410095,,2015,
Craftsbury,0.207671958,,2015,
Danville,0.104792332,0.155910543,2015,
Derby,,0.236799482,2015,
Dorset,0.081081081,0.28048048,2015,
Dummerston,0.066505441,0.145707376,2015,
Duxbury,0.127699531,0.484507042,2015,
East Haven,0.169491525,0.531073446,2015,
East Montpelier,0.048572859,0.287431147,2015,
Eden,0.123353293,,2015,
Enosburgh,0.035254883,0.057170081,2015,
Fair Haven,,0.338516746,2015,
Fairfax,0.021182701,0.233303913,2015,
Fairfield,0.085158151,0.181670722,2015,
Fairlee,0.133426966,,2015,
Fayston,0.057195572,,2015,
Ferrisburgh,0.072115385,0.275961538,2015,
Fletcher,0.112739572,,2015,
Franklin,0.102739726,,2015,
Georgia,0.029167946,0.230580289,2015,
Glover,0.10492228,,2015,
Goshen,,0.352201258,2015,
Grafton,0.127272727,0.337373737,2015,
Granby,0.290909091,,2015,
Granville,0.187793427,,2015,
Groton,0.186011905,,2015,
Guildhall,0.188172043,0.47311828,2015,
Guilford,,0.160647572,2015,
Halifax,0.132575758,0.395833333,2015,
Hartland,0.057618438,0.256508749,2015,
Highgate,0.073375262,0.19706499,2015,
Hinesburg,,0.294165098,2015,
Holland,0.155844156,0.267532468,2015,
Huntington,,0.205860806,2015,
Ira,0.115625,0.209375,2015,
Irasburg,0.101551481,,2015,
Isle La Motte,,0.451351351,2015,
Jamaica,0.123824451,,2015,
Jay,0.095541401,,2015,
Jericho,0.052342319,0.178225595,2015,
Johnson,0.063976378,0.082677165,2015,
Killington,,0.366520788,2015,
Kirby,0.145348837,,2015,
Landgrove,1,,2015,
Leicester,0.043923865,0.188872621,2015,
Lemington,0.266666667,,2015,
Londonderry,0.110062893,,2015,
Lowell,0.168717047,0.16168717,2015,
Ludlow,,0.169088507,2015,
Lunenburg,0.064449064,0.163201663,2015,
Lyndon,0.03219697,0.077020202,2015,
Maidstone,0.201550388,,2015,
Manchester,0.041004184,0.221478382,2015,
Marlboro,,0.188547486,2015,
Marshfield,0.12293578,0.209174312,2015,
Mendon,,0.144430845,2015,
Middlebury,0.034881233,0.147442756,2015,
Middlesex,,0.278613473,2015,
Middletown Springs,,0.535771065,2015,
Milton,,0.241212121,2015,
Monkton,,0.291103203,2015,
Montgomery,0.100230415,,2015,
Montpelier,,0.332720588,2015,
Moretown,,0.206185567,2015,
Morgan,0.232032854,0.121149897,2015,
Mount Holly,,0.45112782,2015,
Mount Tabor,0.134328358,0.231343284,2015,
New Haven,,0.436334144,2015,
Newark,0.141176471,,2015,
Newport City,,0.190230583,2015,
Newport Town,0.067810458,,2015,
North Hero,,0.3203125,2015,
Northfield,0.032808399,0.23687664,2015,
Norton,0.190082645,,2015,
Norwich,,0.358833619,2015,
Orange,0.10492228,,2015,
Orwell,0.131414268,0.289111389,2015,
Pawlet,,0.303149606,2015,
Peacham,0.176024279,,2015,
Peru,0.254237288,,2015,
Pittsfield,0.137741047,,2015,
Pittsford,0.032802249,0.163074039,2015,
Plainfield,0.083986562,0.239641657,2015,
Plymouth,0.119331742,0.317422434,2015,
Pomfret,0.188251001,,2015,
Poultney,,0.255760369,2015,
Proctor,0.098001903,0.181731684,2015,
Randolph,,0.177290837,2015,
Reading,0.211576846,,2015,
Readsboro,,0.42020202,2015,
Richford,,0.2176781,2015,
Richmond,0.067636118,0.36185323,2015,
Rochester,0.13368984,,2015,
Rockingham,0.030172414,0.145114943,2015,
Roxbury,0.142314991,0.322580645,2015,
Royalton,0.069268293,0.167804878,2015,
Rupert,,0.374745418,2015,
Rutland Town,,0.364513734,2015,
Ryegate,0.12371134,0.265750286,2015,
Searsburg,0.015151515,,2015,
Shaftsbury,0.038414881,0.219975738,2015,
Sharon,,0.134709931,2015,
Sheffield,0.199556541,0.201773836,2015,
Shrewsbury,,0.299539171,2015,
"South Burlington, Chittenden, 7-1 - 7-4",,0.231289604,2015,
South Hero,0.066171004,0.461710037,2015,
Springfield,,0.211035525,2015,
St Albans Town,,0.261280168,2015,
St. Albans City,,0.164716678,2015,
St. Johnsbury,,0.209635676,2015,
Stannard,0.15625,,2015,
Starksboro,0.13559322,0.268104777,2015,
Stockbridge,0.115384615,0,2015,
Stowe,0.017296434,0.130388505,2015,
Stratton,0.220430108,,2015,
Thetford,0.075614367,0.311436673,2015,
Tinmouth,0.199004975,0.395522388,2015,
Topsham,0.104849279,,2015,
Townshend,0.116868798,,2015,
Troy,0.061375661,0.075132275,2015,
Tunbridge,0.183760684,,2015,
Underhill,,0.247107438,2015,
Vershire,0.12033195,0.180497925,2015,
Waitsfield,0.045646067,0.075140449,2015,
Walden,0.104947526,0.256371814,2015,
Wallingford,,0.205607477,2015,
Wardsboro,0.090909091,,2015,
Warren,0.063670412,0.187265918,2015,
Washington,0.065753425,,2015,
Waterbury,,0.21880109,2015,
Waterford,0.104166667,0.132675439,2015,
Waterville,0.093984962,,2015,
Weathersfield,,0.248560461,2015,
West Fairlee,0.086206897,0.217672414,2015,
West Rutland,,0.021086262,2015,
West Windsor,0.165835411,,2015,
Westfield,0.142105263,0.171052632,2015,
Westford,0.05431093,0.303462322,2015,
Westminster,0.268591426,0.023622047,2015,
Weston,0.175619835,,2015,
Wheelock,0.192307692,0.203846154,2015,
Williamstown,0.037669513,0.233048719,2015,
Williston,0.009108574,0.166504736,2015,
Wilmington,0.050793651,0.241904762,2015,
Windham,0.205521472,,2015,
Windsor,,0.175008398,2015,
Winhall,0.119808307,0.266773163,2015,
Winooski,,0.193777293,2015,
Wolcott,0.082259663,0.171456888,2015,
Woodstock,0.037341299,0.272218073,2015,
Addison,,0.543283582,2016,
Albany,0.16252073,,2016,
Alburgh,,0.427368421,2016,
Arlington,,0.433607521,2016,
Bakersfield,0.069593148,0.386509636,2016,
Baltimore,0.193939394,,2016,
Barnard,,,2016,
Barnet,0.117827085,,2016,
Barre City,,0.417913593,2016,
Barre Town,,0.430113428,2016,
Belvidere,0.204651163,,2016,
Benson,0.087209302,0.431686047,2016,
Berkshire,,0.342022941,2016,
Bethel,0.149724192,,2016,
Bloomfield,,,2016,
Bolton,0.132415254,0.463983051,2016,
Braintree,0.085744909,,2016,
Brandon,,0.457245081,2016,
Brattleboro,,0.434515603,2016,
Bridgewater,0.140600316,,2016,
Bridport,,0.531476998,2016,
Brighton,,0.436081243,2016,
Brookfield,,0.487012987,2016,
Brookline,0.092838196,,2016,
Brownington,0.171701113,,2016,
Burke,,0.459854015,2016,
Burlington - Wards 1-8,,0.378010568,2016,
Cabot,0.09199632,0.507819687,2016,
Calais,0.107566766,0.496290801,2016,
Canaan,,0.428087986,2016,
Charleston,0.172932331,0.335338346,2016,
Charlotte,,0.569037657,2016,
Chelsea,0.569832402,,2016,
Chester,,0.456745854,2016,
Chittenden,,0.527235355,2016,
Clarendon,,0.464692483,2016,
Colchester,,0.405614389,2016,
Concord,,0.457524272,2016,
Corinth,,0.441207076,2016,
Cornwall,0.112107623,0.548206278,2016,
Coventry,0.237593985,0.473684211,2016,
Danby,0.061315496,0.516164994,2016,
Danville,,,2016,
Derby,,0.439313984,2016,
Dorset,0.090960773,0.469016487,2016,
East Dummerston,,0.473219541,2016,
East Haven,0.131868132,0.708791209,2016,
East Montpelier,,0.560493827,2016,
Eden,0.172839506,,2016,
Enosburgh,0.049800797,0.226593625,2016,
Essex,0.016472742,0.412472219,2016,
Fair Haven,,1.001345895,2016,
Fairfax,0.043810644,0.459570714,2016,
Fairfield,0.085123309,0.433571997,2016,
Fairlee,0.117563739,,2016,
Fayston,0.084025854,,2016,
Franklin,0.092807425,0.39675174,2016,
Georgia,0.049031477,0.427360775,2016,
Glover,0.135869565,,2016,
Goshen,0.196202532,0.588607595,2016,
Grafton,,0.635437882,2016,
Greensboro,0.215827338,,2016,
Groton,0.238167939,,2016,
Guildhall,0.131578947,0.578947368,2016,
Guilford,,0.479598242,2016,
Hartford,,0.3075,2016,
Hartland,0.059429477,0.502377179,2016,
Highgate,0.08974359,0.382564103,2016,
Hinesburg,,0.465091585,2016,
Holland,0.191709845,,2016,
Hubbardton,0.161616162,0.494949495,2016,
Huntington,,,2016,
Hyde Park,0.077342588,0.424392662,2016,
Ira,0.111111111,0.428571429,2016,
Irasburg,0.142857143,,2016,
Isle La Motte,,0.622107969,2016,
Jay,0.186915888,,2016,
Jeffersonville,0.113480055,0.376547455,2016,
Jericho,0.063355297,0.521033958,2016,
Johnson,0.07680798,0.31521197,2016,
Kirby,0.185393258,,2016,
Landgrove,0.333333333,,2016,
Lincoln,0.119760479,0.582834331,2016,
Londonderry,0.146171694,,2016,
Lowell,0.353846154,,2016,
Ludlow,,0.476690742,2016,
Lunenburg,,0.346432265,2016,
Lyndon,0.038387097,0.313548387,2016,
Maidstone,0.270676692,,2016,
Manchester,0.067872045,0.411126565,2016,
Marlboro,,0.592047128,2016,
Marshfield,0.158279963,0.435498628,2016,
Mendon,,0.474137931,2016,
Middlesex,0.127307447,0.460216423,2016,
Milton,,0.406064601,2016,
Monkton,,0.548520303,2016,
Montgomery,0.127293578,,2016,
Moretown,,0.470895522,2016,
Morgan,0.098159509,0.382413088,2016,
Morristown,0.043414491,0.396597243,2016,
Mount Holly,,0.471183013,2016,
Mount Tabor,0.102941176,0.411764706,2016,
New Haven,,0.623987034,2016,
Newark,0.142517815,,2016,
Newbury,,0.38654934,2016,
Newfane,,0.537671233,2016,
Newport City,,0.281110116,2016,
North Hero,,0.616714697,2016,
North Troy,0.099173554,,2016,
Northfield,,0.449354839,2016,
Norton,0.140350877,,2016,
Norwich,,0.550816395,2016,
Orange,0.106770833,0.360677083,2016,
Orwell,,0.49819928,2016,
Panton,0.090909091,0.525,2016,
Pawlet,,0.491089109,2016,
Peacham,0.001517451,,2016,
Peru,0.262295082,,2016,
Pittsfield,0.223188406,,2016,
Plainfield,0.142700329,0.475301866,2016,
Plymouth,0.198412698,0.452380952,2016,
Pomfret,0.241891892,,2016,
Proctor,0.117323556,0.561869844,2016,
Putney,0.042979943,0.487106017,2016,
Randolph,,0.52152259,2016,
Reading,0.099206349,,2016,
Readsboro,,0.524,2016,
Richford,,0.320691949,2016,
Richmond,0.062007537,0.649880096,2016,
Rochester,,,2016,
Rockingham,,0.45202683,2016,
Roxbury,0.148362235,0.512524085,2016,
Rupert,,0.511530398,2016,
Rutland Town,,0.588802373,2016,
Ryegate,0.121004566,0.414383562,2016,
Salisbury,0,0.411971831,2016,
Sandgate,0.126811594,0.474637681,2016,
Shaftsbury,0.0405515,0.454987835,2016,
Sharon,,0.483516484,2016,
Sheffield,0.134657837,0.370860927,2016,
Shrewsbury,,0.501750292,2016,
South Hero,0.058737151,0.560939794,2016,
South Royalton,,0.385699899,2016,
Springfield,,0.383634431,2016,
St Albans Town,,0.461500125,2016,
St. Albans City,,0.336775932,2016,
St. George,0.077777778,,2016,
St. Johnsbury,,0.399504235,2016,
Stamford,0.077720207,0.485319516,2016,
Stannard,0.1640625,,2016,
Starksboro,0.138888889,0.494598765,2016,
Stockbridge,0.148809524,,2016,
Strafford,0.183741648,,2016,
Stratton,0.219653179,,2016,
Sunderland,0.084097859,0.431192661,2016,
Thetford,0.080756807,,2016,
Tinmouth,0.245700246,0.685503686,2016,
Topsham,0.096202532,,2016,
Townshend,0.114616193,,2016,
Tunbridge,,,2016,
Underhill,,0.531002913,2016,
Vernon,,0.527617952,2016,
Waitsfield,0.12112473,0.537851478,2016,
Walden,,0.500747384,2016,
Wallingford,0.042582418,0.480082418,2016,
Wardsboro,0.097609562,,2016,
Warren,0.101375815,,2016,
Washington,0.079787234,0.425531915,2016,
Waterbury,0.052465897,0.473242392,2016,
Waterford,,0.43654267,2016,
Waterville,0.060550459,,2016,
West Fairlee,,0.380851064,2016,
West Halifax,,0.634146341,2016,
West Haven,0.124260355,0.609467456,2016,
West Rutland,0.026160889,0.406147809,2016,
West Windsor,0.24,,2016,
Westfield,0.146981627,0.482939633,2016,
Westford,0.062172775,0.540575916,2016,
Westminster,0.093466032,0.517957594,2016,
Westmore,0.218637993,,2016,
Whitingham,0.115340254,0.379469435,2016,
Williamstown,0.057442557,0.430569431,2016,
Williston,,0.40783848,2016,
Wilmington,,0.448135593,2016,
Windham,0.488745981,0.327974277,2016,
Winhall,0.164203612,0.551724138,2016,
Winooski,,0.39850587,2016,
Wolcott,0.075289575,0.378378378,2016,
Woodbury,0.179910045,,2016,
Woodford,,0.464566929,2016,
Worcester,,0.56456044,2016,
Addison,,0.245614035,2017,
Albany,0.142857143,,2017,
Arlington,,0.237367803,2017,
Athens,0.35426009,,2017,
Bakersfield,0.071585903,0.181718062,2017,
Baltimore,0.134078212,,2017,
Barnard,0.12716763,,2017,
Barnet,0.180505415,,2017,
Barton,,0.047058824,2017,
Belvidere,0.278008299,0.165975104,2017,
Bennington,,0.252836676,2017,
Benson,0.066577896,0.251664447,2017,
Berkshire,,0.192893401,2017,
Berlin,,0.204639175,2017,
Bethel,0.133716751,,2017,
Bolton,0.11,0.203,2017,
Bradford,0.068338558,,2017,
Braintree,0.078475336,,2017,
Brandon,,0.224715223,2017,
Brattleboro,,0.166951957,2017,
Bridgewater,0.175595238,,2017,
Bridport,,0.295589988,2017,
Brighton,,0.127545552,2017,
Bristol,,0.233568905,2017,
Brookfield,,0.168505517,2017,
Brookline,0.181360202,,2017,
Brownington,0.104011887,0.043090639,2017,
Brunswick,0.220588235,,2017,
Burke,,0.257495591,2017,
Burlington - Wards 1-8,,0.19106348,2017,
Cabot,,0.339721254,2017,
Cambridge,0.737201365,1.795221843,2017,
Canaan,,0.246815287,2017,
Castleton,,0.225506476,2017,
Charleston,0.129032258,0.090909091,2017,
Charlotte,0.052014432,0.252555622,2017,
Chelsea,1,,2017,
Chittenden,,0.307025987,2017,
Clarendon,,0.274760383,2017,
Colchester,,0.209406989,2017,
Concord,,0.259302326,2017,
Corinth,,0.152542373,2017,
Cornwall,0.138150903,0.223166844,2017,
Coventry,0.205091938,0.229137199,2017,
Danby,,0.454342984,2017,
Danville,0.118192352,0.16801854,2017,
Derby,,0.14845679,2017,
Dorset,,0.194341943,2017,
Dover,0.083333333,0.176666667,2017,
Dummerston,0.118835413,0.181224005,2017,
Duxbury,0.09057971,0.189311594,2017,
East Montpelier,,0.259887006,2017,
Enosburgh,0.040337711,0.054409006,2017,
Essex,0.015911138,0.094746322,2017,
Fair Haven,,0.205067767,2017,
Fairfax,0.023835616,0.204383562,2017,
Fairfield,0.093075205,0.151898734,2017,
Fairlee,0.139813582,,2017,
Fayston,0.084104289,,2017,
Franklin,0.11375948,,2017,
Georgia,0.030808366,0.189655172,2017,
Glover,0.071243523,,2017,
Goshen,0.208333333,0.380952381,2017,
Grafton,0.218146718,0.484555985,2017,
Granby,0.266666667,0.366666667,2017,
Granville,0.240909091,,2017,
Greensboro,0.170648464,,2017,
Groton,0.165021157,,2017,
Guildhall,,0.366492147,2017,
Guilford,,0.214587101,2017,
Halifax,0.137010676,0.450177936,2017,
Hartford,,0.153362079,2017,
Hartland,0.083079268,0.205411585,2017,
Highgate,0.092436975,0.227385072,2017,
Hinesburg,,0.352016231,2017,
Holland,0.18251928,0.287917738,2017,
Hubbardton,0.127201566,0.279843444,2017,
Huntington,,0.20952381,2017,
Hyde Park,0.077342588,0.139811601,2017,
Ira,0.075987842,0.167173252,2017,
Irasburg,0.146276596,,2017,
Isle La Motte,,0.365914787,2017,
Jamaica,0.75,,2017,
Jay,0.137254902,0.137254902,2017,
Jericho,0.097063819,0.19364232,2017,
Johnson,0.039503904,0.09692237,2017,
Killington,,0.414256198,2017,
Landgrove,0.316239316,,2017,
Leicester,0.045390071,0.165957447,2017,
Lemington,0.185185185,0.37037037,2017,
Lincoln,0.142857143,0.282857143,2017,
Ludlow,,0.198203977,2017,
Lunenburg,,0.198404786,2017,
Lyndon,0.025962126,0.296884545,2017,
Maidstone,0.006622517,,2017,
Manchester,0.039543524,0.246815287,2017,
Marlboro,,0.480406386,2017,
Marshfield,0.111308994,0.192341941,2017,
Mendon,0.039503386,0.133182844,2017,
Middlebury,0.030606461,0.144530512,2017,
Middlesex,,0.271551724,2017,
Milton,,0.210959577,2017,
Monkton,,0.216374269,2017,
Montgomery,0.113268608,,2017,
Moretown,0.071225071,0.252849003,2017,
Morristown,0.068808644,0.17031561,2017,
Mount Holly,,0.246691871,2017,
Mount Tabor,0.134751773,0.212765957,2017,
New Haven,,0.376497006,2017,
Newbury,0.061614295,0.080098583,2017,
Newfane,,0.227164416,2017,
Newport City,,0.162091121,2017,
North Hero,,0.290450928,2017,
Northfield,0.031220731,0.28972838,2017,
Norton,0.137931034,,2017,
Norwich,,0.363401229,2017,
Orange,0.087719298,,2017,
Orwell,0.115825688,0.42087156,2017,
Panton,0.084745763,0.211864407,2017,
Pawlet,,0.312787489,2017,
Peacham,0.12462908,,2017,
Pittsfield,0.178977273,,2017,
Plainfield,0.106609808,0.268656716,2017,
Plymouth,0.20661157,0.175619835,2017,
Pomfret,0.132561133,,2017,
Poultney,,0.212728858,2017,
Proctor,0.082659479,0.284815813,2017,
Putney,0.035306898,0.152634438,2017,
Randolph,,0.217039197,2017,
Reading,0.155279503,,2017,
Readsboro,,0.298,2017,
Richford,,0.196261682,2017,
Richmond,0.059275873,0.295097725,2017,
Ripton,0.195180723,0.286746988,2017,
Rochester,0.155784651,,2017,
Rockingham,0.032471264,0.158333333,2017,
Roxbury,0.130434783,0.342391304,2017,
Royalton,,0.189289012,2017,
Rupert,,0.432485323,2017,
Rutland Town,,0.438927507,2017,
Ryegate,0.118701008,,2017,
Salisbury,,0.182926829,2017,
Sandgate,0.175438596,0.256140351,2017,
Searsburg,0.283950617,0.345679012,2017,
Shaftsbury,,0.351278079,2017,
Sharon,0.115779645,0.266106443,2017,
Sheffield,0.215730337,,2017,
Sheldon,0.055847569,0.106438896,2017,
Shrewsbury,,0.279123414,2017,
South Burlington,,0.25368272,2017,
South Hero,0.051724138,0.355172414,2017,
Springfield,,0.196021908,2017,
St Albans Town,,0.211835911,2017,
St. Albans City,,0.137697994,2017,
St. Johnsbury,,0.222346619,2017,
Stannard,0.13986014,,2017,
Starksboro,0.111358575,0.290274684,2017,
Stockbridge,0.137362637,,2017,
Stowe,0.059213643,0.284225486,2017,
Strafford,0.200215285,,2017,
Stratton,0.192090395,,2017,
Sudbury,0.952380952,,2017,
Thetford,0.096507353,0.319852941,2017,
Tinmouth,0.15952381,0.261904762,2017,
Topsham,0.143212951,,2017,
Townshend,0.136270492,,2017,
Troy,0.0703125,,2017,
Underhill,0.06319245,0.267131719,2017,
Vergennes,,0.313793103,2017,
Vernon,0.121345836,0.283507998,2017,
Vershire,0.097222222,0.172619048,2017,
Victory,,0.928571429,2017,
Walden,0.11627907,0.276162791,2017,
Wallingford,0.847457627,4.813559322,2017,
Waltham,1,,2017,
Wardsboro,0.176829268,,2017,
Warren,0.099150142,0.186968839,2017,
Washington,0.054545455,0.351515152,2017,
Waterbury,,0.176584892,2017,
Waterford,0.081983806,0.130566802,2017,
Waterville,0.103626943,,2017,
Weathersfield,,0.220867209,2017,
Wells,,0.11477152,2017,
West Fairlee,,0.213836478,2017,
West Rutland,,0.195241001,2017,
West Windsor,0.170990566,,2017,
Westfield,0.138349515,0.189320388,2017,
Westford,0.046942557,0.188387894,2017,
Westminster,,0.258422175,2017,
Westmore,0.24137931,0.248275862,2017,
Weston,0.15,,2017,
Wheelock,0.100172712,0.189982729,2017,
Whiting ,0.194244604,,2017,
Whitingham,0.115470852,0.27690583,2017,
Williamstown,0.038748833,0.193277311,2017,
Williston,,0.141347127,2017,
Wilmington,0.049422336,0.183568678,2017,
Windham,0.456026059,,2017,
Windsor,,0.131346914,2017,
Winhall,0.146627566,0.167155425,2017,
Winooski,,0.165837796,2017,
Wolcott,0.084854015,0.212591241,2017,
Woodbury,0.141442716,,2017,
Woodford,,0.268115942,2017,
Woodstock,,0.230637423,2017,
Worcester,0.100133511,0.26034713,2017,
ADDISON,,0.261083744,2018,
ALBANY,0.152037618,0.131661442,2018,
ANDOVER,0.1475,,2018,
ARLINGTON,,0.174689021,2018,
ATHENS,0.242152466,,2018,
BAKERSFIELD,0.07436182,0.23418424,2018,
BALTIMORE,0.147540984,,2018,
BARNARD,0.120567376,0.160283688,2018,
BARNET,0.103016924,0.075055188,2018,
BARRE CITY,,0.270286162,2018,
BARTON,0.037383178,0.094007697,2018,
BELVIDERE,0.114678899,,2018,
BENNINGTON,,0.269116514,2018,
BENSON,0.068493151,0.246575342,2018,
BERKSHIRE,,0.127470356,2018,
BETHEL,0.104258443,,2018,
BOLTON,0.087719298,0.233918129,2018,
BRADFORD,0.03945885,,2018,
BRAINTREE,0.072625698,,2018,
BRANDON,,0.217331499,2018,
BRATTLEBORO,,0.135018215,2018,
BRIDGEWATER,0.144970414,,2018,
BRIDPORT,,0.270491803,2018,
BRIGHTON,0.034443169,0.176808266,2018,
BRISTOL,,,2018,
BROOKFIELD,,0.166332665,2018,
BROOKLINE,0.079800499,,2018,
BRUNSWICK,0.220588235,,2018,
BURKE,,0.210017575,2018,
BURLINGTON,,0.325886707,2018,
CABOT,0.116931712,0.550046773,2018,
CALAIS,0.089552239,0.246268657,2018,
CAMBRIDGE,0.932735426,1.426008969,2018,
CANAAN,0.087025316,0.167721519,2018,
CASTLETON,,0.180781196,2018,
CAVENDISH,,0.192203083,2018,
CHARLSTON,,0.087463557,2018,
CHARLOTTE,0.041935484,0.206451613,2018,
CHELSEA,1,,2018,
CHESTER,0.032722513,0.191099476,2018,
CHITTENDEN,,0.25258216,2018,
CLARENDON,,0.229793978,2018,
COLCHESTER,,0.261969374,2018,
CONCORD,,0.208383234,2018,
CORINTH,,0.166153846,2018,
CORNWALL,0.104275287,0.216892596,2018,
CRAFTSBURY,0.150229358,,2018,
DANVILLE,0.11123723,0.134506243,2018,
DERBY,0.015503876,0.165271318,2018,
DORSET,0.074183976,0.162611276,2018,
DOVER,,0.123762376,2018,
DUMMERSTON,,0.205,2018,
DUXBURY,0.096153846,0.201465201,2018,
EAST MONTPELIER,,0.261948529,2018,
EDEN,0.091019417,,2018,
ELMORE,0.119318182,0.119318182,2018,
ENOSBURGH,0.044605809,0.079875519,2018,
ESSEX,,0.126140974,2018,
FAIR HAVEN,,0.257821553,2018,
FAIRFAX,,0.258005249,2018,
FAIRFIELD,0.073529412,0.144852941,2018,
FAIRLEE,0.107629428,,2018,
FERRISBURGH,0.059797608,0.25574977,2018,
FLETCHER,0.140495868,,2018,
FRANKLIN,0.104052574,0.161007667,2018,
GEORGIA,0.025263742,0.173792338,2018,
GLOVER,0.100502513,,2018,
GOSHEN,0.153374233,0.423312883,2018,
GRAFTON,0.142307692,0.363461538,2018,
GRANBY,0.274193548,0.306451613,2018,
GRAND ISLE,,0.454904542,2018,
GRANVILLE,0.209606987,,2018,
GREENSBORO,0.907142857,,2018,
GROTON,0.15130674,0.231086657,2018,
GUILDHALL,0.12755102,0.275510204,2018,
GUILFORD,,0.187536743,2018,
HALIFAX,0.136363636,0.354545455,2018,
HANCOCK,0.137457045,,2018,
HARTFORD,,0.173219373,2018,
HARTLAND,0.065384615,0.205384615,2018,
HIGHGATE,0.066225166,0.176915799,2018,
HINESBURG,,0.171285893,2018,
HOLLAND,,,2018,
HUBBARDTON,,0.30214425,2018,
HUNTINGTON,,0.3434972,2018,
HYDE PARK,0.048620851,0.111266947,2018,
IRA ,0.115384615,0.211538462,2018,
IRASBURG,0.132275132,,2018,
ISLE LA MOTTE,0.099756691,0.403892944,2018,
JAMAICA ,0.121776504,,2018,
JAY,0.183023873,0.185676393,2018,
JERICHO,0.048297513,0.170973195,2018,
JOHNSON,0.073369565,0.113224638,2018,
KILLINGTON,,0.401691332,2018,
KIRBY,0.143266476,0.12034384,2018,
LANDGROVE,0.324561404,,2018,
LEICESTER,0.039492243,0.167842031,2018,
LEMINGTON,0.197368421,0.171052632,2018,
LINCOLN,0.116931712,0.458372311,2018,
LONDONDERRY,0.081023454,0.081734186,2018,
LOWELL,0.143812709,0.10367893,2018,
LUDLOW,,0.145728643,2018,
LUNENBERG,,0.103182257,2018,
LYNDON,0.038745387,0.145141451,2018,
MAIDSTONE,,0.289308176,2018,
MANCHESTER,0.056951872,0.172459893,2018,
MARLBORO,,0.242335766,2018,
MARSHFIELD,0.131810193,0.20913884,2018,
MENDON,0.03968254,0.119047619,2018,
MIDDLEBURY,,,2018,
MIDDLESEX,,0.329096045,2018,
MILTON,,0.213079411,2018,
MONKTON,,0.385841837,2018,
MONTGOMERY,0.099009901,,2018,
MONTPELIER,,0.316727916,2018,
MORETOWN,,0.241719521,2018,
MORRISTOWN,0.045152355,0.164542936,2018,
MOUNT HOLLY,,0.225806452,2018,
MOUNT TABOR,0.109589041,0.164383562,2018,
NEW HAVEN,,0.401876466,2018,
NEWBURY,0.061462815,0.122311002,2018,
NEWFANE,,0.151062156,2018,
NEWPORT CITY,,0.171987345,2018,
NEWPORT TOWN,0.066082803,,2018,
NORTH HERO,,0.321052632,2018,
NORTHFIELD,0.047080979,0.292529818,2018,
NORTON,0.285714286,,2018,
NORWICH,,0.353366174,2018,
ORANGE,0.06865285,,2018,
ORWELL,,0.241860465,2018,
PANTON,0.026584867,0.202453988,2018,
PAWLET,,0.246039143,2018,
PEACHAM,0.159940209,,2018,
PERU,0.918367347,,2018,
PITTSFIELD,0.163043478,,2018,
PLAINFIELD,0.106951872,0.269518717,2018,
PLYMOUTH,0.22587269,0.158110883,2018,
POMFRET,0.110397946,,2018,
POULTNEY,,0.173511767,2018,
POWNAL,,0.345168539,2018,
PROCTOR,0.054006969,0.236062718,2018,
PUTNEY,,,2018,
RANDOLPH,,0.291666667,2018,
READING,0.112474438,,2018,
READSBORO,0.06294964,0.230215827,2018,
RICHFORD,,0.160130719,2018,
RICHMOND,0.062735257,0.366687578,2018,
RIPTON,0.196078431,0.328431373,2018,
ROCHESTER,,,2018,
ROCKINGHAM,0.045866365,0.169026048,2018,
ROXBURY,0.097928437,0.278719397,2018,
ROYALTON,,0.141459075,2018,
RUPERT,,0.396518375,2018,
RUTLAND TOWN,,0.302512563,2018,
RYEGATE,0.108932462,,2018,
SALISBURY,,0.157775255,2018,
SANDGATE,0.183150183,0.252747253,2018,
SEARSBURG,,0.345679012,2018,
SHAFTSBURY,,0.232002984,2018,
SHARON,0.08908046,0.152298851,2018,
SHEFFIELD,0.110091743,0.151376147,2018,
SHELBURNE,0.03233107,0.339476237,2018,
SHELDON,0.056434962,0.146593255,2018,
SHOREHAM,0.091885442,0.212410501,2018,
SHREWSBURY,,0.26387316,2018,
SOUTH BURLINGTON,,0.23975164,2018,
SOUTH HERO,,0.408965517,2018,
SPRINGFIELD,,0.181478823,2018,
ST. ALBANS CITY,,0.163531114,2018,
ST. ALBANS TOWN,,0.202954399,2018,
ST. GEORGE,0.046620047,,2018,
ST. JOHNSBURY,,0.243199631,2018,
STANNARD,0.201342282,,2018,
STARKSBORO,0.102238806,0.309701493,2018,
STOCKBRIDGE,0.092764378,,2018,
STOWE,0.034427358,0.163185678,2018,
STRAFFORD,,,2018,
STRATTON,0.155080214,,2018,
SUDBURY,,,2018,
SUNDERLAND,0.07925072,0.187319885,2018,
SWANTON,,0.193319838,2018,
THETFORD,0.101809955,0.241176471,2018,
TINMOUTH,0.175879397,0.432160804,2018,
TOPSHAM,0.10315534,,2018,
TOWNSHEND,0.126646403,,2018,
TROY,,0.061928934,2018,
UNDERHILL,0.041220115,0.284830998,2018,
VERGENNES,,0.275370269,2018,
VERNON,0.087521174,0.214568041,2018,
VICTORY,,0.855072464,2018,
WAITSFIELD,0.071275837,0.25445474,2018,
WALDEN,,0.191904048,2018,
WALLINGFORD,,0.20144357,2018,
WALTHAM,0.100558659,0.24301676,2018,
WARDSBORO,0.106306306,,2018,
WARREN,0.033637001,0.224947442,2018,
WATERBURY,,0.135929288,2018,
WATERFORD,0.779220779,1.337662338,2018,
WATERVILLE,0.122082585,,2018,
WEATHERSFIELD,,0.225077537,2018,
WEST FAIRLEE,0.040899796,0.096114519,2018,
WEST HAVEN,,0.286585366,2018,
WEST RUTLAND,,0.18815546,2018,
WEST WINDSOR,0.134228188,0.434004474,2018,
WESTFIELD,0.108235294,0.16,2018,
WESTFORD,0.043942247,0.173258004,2018,
WESTMINSTER,,0.114107884,2018,
WESTON,0.174897119,,2018,
WEYBRIDGE,0.101648352,0.254120879,2018,
WHEELOCK,0.104316547,0.264388489,2018,
WHITING ,0.108303249,,2018,
WHITINGHAM,0.113895216,0.144646925,2018,
WILLIAMSTOWN,0.044033465,0.206957288,2018,
WILLISTON,,0.164890695,2018,
WILMINGTON,0.040025413,0.139135959,2018,
WINDHAM,0.332268371,,2018,
WINDSOR,,0.180122117,2018,
WINHALL,0.243661972,0.243661972,2018,
WINOOSKI,,0.194922195,2018,
WOLCOTT,0.086678832,0.16149635,2018,
WOODBURY,0.132208158,,2018,
WOODFORD,,0.209964413,2018,
WORCESTER,0.200534759,0.298128342,2018,
ADDISON,,0.225285171,2019,
ALBANY,0.14887218,,2019,
ALBURGH,,0.362612613,2019,
ANDOVER,0.143902439,,2019,
ARLINGTON,,0.262378765,2019,
ATHENS,0.203187251,,2019,
BALTIMORE,0.120218579,,2019,
BARNARD,0.041265475,,2019,
BARNET,0.071123755,,2019,
BARRE CITY,,0.162396455,2019,
BARTON,,0.080453842,2019,
BELVIDERE,0.174672489,,2019,
BENNINGTON,,0.221739603,2019,
BENSON,0.053191489,0.26462766,2019,
BERKSHIRE,,0.128810226,2019,
BERLIN,,0.205670103,2019,
BETHEL,0.92481203,,2019,
BLOOMFIELD,0.096153846,0.134615385,2019,
BOLTON,0.086206897,0.163286004,2019,
BRADFORD,0.041210224,,2019,
BRANDON,,0.237140949,2019,
BRATTLEBORO,,0.1696747,2019,
BRIDGEWATER,0.189265537,,2019,
BRIDPORT,0.071743929,0.186534216,2019,
BRIGHTON,,0.210822999,2019,
BRISTOL,0.041355932,0.284745763,2019,
BROOKFIELD,,0.185222672,2019,
BROOKLINE,0.133016627,,2019,
BROWNINGTON,0.157650696,,2019,
BURKE,,0.198212835,2019,
BURLINGTON,,0.199862028,2019,
CABOT,0.000853242,0.487201365,2019,
CALAIS,0.064516129,0.218637993,2019,
CAMBRIDGE,0.089148478,0.111589302,2019,
CANAAN,0.055975794,0.142208775,2019,
CASTLETON,,0.242316402,2019,
CAVENDISH,0.059181897,0.196692776,2019,
CHARLESTON,0.113128492,,2019,
CHARLOTTE,0.030684259,0.266953053,2019,
CHELSEA,0.080578512,,2019,
CHESTER,0.041631973,0.198168193,2019,
CHITTENDEN,,0.221062619,2019,
CLARENDON,,0.223123732,2019,
COLCHESTER,,0.237347767,2019,
CONCORD,,0.209976798,2019,
CORINTH,,0.128331688,2019,
CORNWALL,0.102564103,0.249230769,2019,
COVENTRY,0.171277997,0.194993412,2019,
CRAFTSBURY,0.136563877,,2019,
DANBY,0.057080132,0.697036224,2019,
DANVILLE,0.129197496,0.136027319,2019,
DERBY,0.03046436,0.192250813,2019,
DORSET,0.056593096,0.185625354,2019,
DOVER,,0.113090627,2019,
DUMMERSTON,,0.205351587,2019,
DUXBURY,0.08558952,0.192139738,2019,
EAST HAVEN,,0.259067358,2019,
EAST MONTPELIER,,0.176708633,2019,
EDEN,0.08255814,,2019,
ELMORE,0.125336927,0.254716981,2019,
ENOSBURGH,0.044385264,,2019,
ESSEX,,0.108568586,2019,
FAIR HAVEN,,0.215083799,2019,
FAIRFAX,,0.192424242,2019,
FAIRFIELD,0.053267045,,2019,
FAIRLEE,0.098404255,,2019,
FAYSTON,0.074014481,0.105390185,2019,
FERRISBURGH,0.040897098,0.200087951,2019,
FLETCHER,0.130434783,,2019,
FRANKLIN,0.100719424,,2019,
GEORGIA,0.022564375,0.189009822,2019,
GLOVER,0.696428571,,2019,
GOSHEN,0.20754717,0.389937107,2019,
GRAFTON,0.189265537,0.350282486,2019,
GRANBY,0.172413793,0.24137931,2019,
GREENSBORO,0.182119205,0.15397351,2019,
GROTON,0.121253406,,2019,
GUILDHALL,0.10989011,0.351648352,2019,
GUILFORD,,0.252023121,2019,
HALIFAX,0.087108014,0.282229965,2019,
HANCOCK,0.120401338,0.120401338,2019,
HARDWICK,0.03754417,0.14664311,2019,
HARTFORD,,0.12848446,2019,
HARTLAND,0.058324105,0.170173496,2019,
HIGHGATE,0.049850449,0.139581256,2019,
HINESBURG,,0.248305905,2019,
HOLLAND,0.103926097,0.136258661,2019,
HUBBARDTON,,0.243856333,2019,
HUNTINGTON,,0.205811138,2019,
HYDE PARK,0.063257066,0.10991476,2019,
IRA,0.114285714,0.206349206,2019,
IRASBURG,0.106734435,0,2019,
ISLE LA MOTTE,0.097323601,0.367396594,2019,
JAMAICA ,0.118948824,,2019,
JAY,0.091358025,0.10617284,2019,
JERICHO,0.070838253,0.173553719,2019,
JOHNSON,0.086757991,0.134246575,2019,
KILLINGTON,,0.314314314,2019,
KIRBY ,0.129973475,,2019,
LANDGROVE,0.322580645,,2019,
LEICESTER,0.070521862,0.183356841,2019,
LEMINGTON,0.223684211,,2019,
LINCOLN,0.136239782,0.315168029,2019,
LONDONDERRY,0.085314685,,2019,
LOWELL,0.17512275,0.103109656,2019,
LUDLOW,,0.185897436,2019,
LUNENBURG,0.030837004,0.095154185,2019,
LYNDON,0.031741409,0.084740827,2019,
MAIDSTONE,,0.48447205,2019,
MANCHESTER,0.031536114,0.190742625,2019,
MARLBORO,,0.235772358,2019,
MARSHFIELD,0.106047327,0.170026293,2019,
MENDON,0.041237113,0.13860252,2019,
MIDDLEBURY,0.049322493,0.192592593,2019,
MIDDLESEX,0.118918919,0.239189189,2019,
MILTON,,0.179701835,2019,
MONKTON,,0.232826748,2019,
MONTPELIER,,0.239449422,2019,
MORETOWN,,0.203830369,2019,
MORGAN,,0.070934256,2019,
MORRISTOWN,0.041393765,0.161383285,2019,
MOUNT HOLLY,,0.275992439,2019,
MOUNT TABOR,0.081632653,0.170068027,2019,
NEW HAVEN,,0.360902256,2019,
NEWARK,0.128603104,,2019,
NEWBURY,,0.072704082,2019,
NEWFANE,,0.113989637,2019,
NEWPORT CENTER,0.046403712,,2019,
NEWPORT CITY,,0.161764706,2019,
NORTH HERO,,0.313131313,2019,
NORTHFIELD,0.046875,0.2696875,2019,
NORTON,0.099099099,0.117117117,2019,
NORWICH,,0.315658915,2019,
ORANGE,0.089974293,0.006426735,2019,
ORWELL,0.12345679,0.328843996,2019,
PAWLET,,0.252659574,2019,
PEACHAM,0.113464448,,2019,
PERU,0.144092219,,2019,
PITTSFIELD,0.958333333,,2019,
PITTSFORD,0.041436464,0.192909761,2019,
PLAINFIELD,0.107181136,0.203644159,2019,
PLYMOUTH,0.091451292,0.216699801,2019,
POMFRET,0.131681877,,2019,
POULTNEY,,0.193534294,2019,
POWNAL,0.055769231,,2019,
PROCTOR,0.06779661,0.180508475,2019,
PUTNEY,,0.182660851,2019,
RANDOLPH,,0.197948099,2019,
READING,0.144230769,,2019,
READSBORO,0.099145299,0.256410256,2019,
RICHFORD,,0.364822871,2019,
RICHMOND,0.046959663,0.273931367,2019,
RIPTON,,0.335648148,2019,
ROCKINGHAM,,0.151523322,2019,
ROXBURY,0.112962963,0.261111111,2019,
ROYALTON,0.058239862,0.150129422,2019,
RUPERT,1.666666667,5.577777778,2019,
RUTLAND CITY,,0.237056455,2019,
RUTLAND TOWN,,0.293225806,2019,
RYEGATE,0.09371672,0.172523962,2019,
SAINT GEORGE,0.054704595,,2019,
SEARSBURG,0.224719101,0.213483146,2019,
SHAFTSBURY,0.029154519,0.150510204,2019,
SHARON,,0.111013216,2019,
SHEFFIELD,0.371179039,,2019,
SHELBURNE,,0.224557002,2019,
SHELDON,0.090608466,0.16005291,2019,
SHOREHAM,0.088201604,0.186712486,2019,
SHREWSBURY,,0.265555556,2019,
SOUTH BURLINGTON,,0.17828934,2019,
SOUTH HERO,0.046662346,0.234607907,2019,
SPRINGFIELD,,0.182008368,2019,
ST. ALBANS CITY,,0.109803922,2019,
ST. ALBANS TOWN,,0.232359838,2019,
ST. JOHNSBURY,,0.241650295,2019,
STAMFORD,0.138461538,0.136923077,2019,
STANNARD,0.16,,2019,
STARKSBORO,0.08090379,0.212827988,2019,
STOCKBRIDGE,0.094339623,,2019,
STOWE,0.031656036,0.142452162,2019,
STRATTON,0.360824742,,2019,
SUDBURY,0.725806452,,2019,
SUNDERLAND,0.058663029,0.178717599,2019,
SUTTON,0.126855601,,2019,
SWANTON,,0.166508764,2019,
THETFORD,0.068211631,0.681679056,2019,
TINMOUTH,0.154241645,0.28277635,2019,
TOPSHAM,0.082449941,,2019,
TOWNSHEND,0.828358209,,2019,
TROY,0.045105566,,2019,
TUNBRIDGE,0.16076555,,2019,
UNDERHILL,,0.205721003,2019,
VERGENNES,,0.231124807,2019,
VERNON,0.100762527,0.158496732,2019,
VERSHIRE,0.097847358,0.127201566,2019,
VICTORY,0.309859155,0.563380282,2019,
WAITSFIELD,0.069013112,0.267770876,2019,
WALDEN,0.076347305,0.178143713,2019,
WALLINGFORD,0.055158988,0.255678131,2019,
WALTHAM,0.099462366,,2019,
WARDSBORO,0.090747331,0.099644128,2019,
WARREN,0.057615894,0.178145695,2019,
WASHINGTON,0.126582278,,2019,
WATERBURY,,0.139240506,2019,
WATERFORD,,0.099492386,2019,
WATERVILLE,0.144312394,,2019,
WEATHERSFIELD,0.058227848,0.304219409,2019,
WELLS,,0.203061224,2019,
WEST FAIRLEE,0.057803468,0.123314066,2019,
WEST HAVEN,,0.346820809,2019,
WEST RUTLAND,,0.193529059,2019,
WEST WINDSOR,1,1.423728814,2019,
WESTFIELD,0.099557522,0.241150442,2019,
WESTFORD,0.020970641,0.163571001,2019,
WESTMINSTER,,0.098039216,2019,
WESTMORE,0.168421053,0.084210526,2019,
WESTON,0.918918919,,2019,
WHEELOCK,0.085324232,0.279863481,2019,
WHITING,1,,2019,
WHITINGHAM,0.111622555,0.315304948,2019,
WILLIAMSTOWN,0.037129746,0.163954944,2019,
WILLISTON,,0.169425409,2019,
WILMINGTON,0.040752351,0.12539185,2019,
WINDHAM,0.270440252,,2019,
WINDSOR,,0.160766483,2019,
WINHALL,0.087601078,0.152291105,2019,
WINOOSKI,,0.219838133,2019,
WOLCOTT,0.10936133,0.138232721,2019,
WOODBURY,0.116312057,0.092198582,2019,
WOODFORD,,0.142857143,2019,
WOODSTOCK,0.041053712,0.269586042,2019,
WORCESTER,0.198938992,0.331564987,2019,
ADDISON,0.046296296,0.422222222,2020,
ALBANY,0.147058824,,2020,
ARLINGTON,0.060392552,0.403623553,2020,
ATHENS,0.966101695,,2020,
BAKERSFIELD,0.102083333,0.36875,2020,
BALTIMORE,0.146596859,0.376963351,2020,
BARNARD,0.081855389,,2020,
BARNET,0.177809388,0.42745377,2020,
BARRE CITY,,0.347512617,2020,
BARTON,,0.205794206,2020,
BELVIDERE,0.191489362,,2020,
BENNINGTON,0.007819016,0.390533778,2020,
BENSON,0.083660131,0.452287582,2020,
BERKSHIRE,,0.253831418,2020,
BETHEL,0.085078534,,2020,
BLOOMFIELD,,0.333333333,2020,
BOLTON,0.104581673,0.450199203,2020,
BRADFORD,0.059760956,,2020,
BRANDON,,0.4,2020,
BRATTLEBORO,,0.38206668,2020,
BRIDGEWATER,0.146853147,0.464335664,2020,
BRIDPORT,0.090512541,0.370774264,2020,
BRIGHTON,,0.297752809,2020,
BRISTOL,0.040877368,0.448986374,2020,
BROOKFIELD,,0.411354582,2020,
BROOKLINE,0.164705882,,2020,
BROWNINGTON,0.109756098,,2020,
BRUNSWICK,0.194029851,0.507462687,2020,
BURKE ,,0.376116978,2020,
BURLINGTON,,0.417438188,2020,
CABOT,0.08650519,0.456747405,2020,
CALAIS,0.106458481,0.45138396,2020,
CANAAN,,0.442962963,2020,
CASTLETON,,0.398854962,2020,
CAVENDISH,0.078212291,0.347299814,2020,
CHARLESTON,0.125352113,,2020,
CHARLOTTE,0.038576555,,2020,
CHELSEA,0.10041841,,2020,
CHESTER,0.032439446,0.39316609,2020,
CHITTENDEN,,0.454212454,2020,
CLARENDON,,0.326043738,2020,
COLCHESTER,,0.405191874,2020,
CONCORD,,0.360465116,2020,
CORINTH,,0.342664093,2020,
CORNWALL,0.088845015,0.515301086,2020,
COVENTRY,0.147668394,0.28238342,2020,
DANBY,0.058951965,0.46069869,2020,
DANVILLE,0.134269663,0.371910112,2020,
DERBY,0.023242301,0.29808251,2020,
DORSET,,0.433352568,2020,
DUXBURY,0.103716508,,2020,
EAST HAVEN,,0.361809045,2020,
EAST MONTPELIER,0.071714922,0.46325167,2020,
EDEN,0.120317821,,2020,
ELMORE,0.100806452,0.470430108,2020,
ESSEX,0.018042942,0.419137547,2020,
FAIR HAVEN,,0.486111111,2020,
FAIRFAX,,0.381582231,2020,
FAIRFIELD,,0.300211416,2020,
FAIRLEE,0.949367089,,2020,
FAYSTON,0.079113924,,2020,
FRANKLIN,,0.314853556,2020,
GEORGIA,,0.654874214,2020,
GOSHEN,0.19375,0.5875,2020,
GRAFTON,0.136363636,0.553359684,2020,
GRANBY,0.222222222,,2020,
GRANVILLE,0.182926829,,2020,
GREENSBORO,0.271646859,,2020,
GROTON,0.120160214,,2020,
GUILDHALL,0.213541667,0.473958333,2020,
GUILFORD,,0.401694915,2020,
HALIFAX,0.129310345,0.5,2020,
HANCOCK,0.101351351,,2020,
HARTFORD,,0.353786853,2020,
HARTLAND,0.062638172,0.433308769,2020,
HIGHGATE,0.037444934,0.3030837,2020,
HINESBURG,,0.474530831,2020,
HOLLAND,0.131034483,0.298850575,2020,
HUBBARDTON,0.142592593,0.416666667,2020,
HUNTINGTON,,0.50976801,2020,
HYDE PARK,0.070267896,0.334211682,2020,
IRA ,0.115511551,0.415841584,2020,
IRASBURG,0.158536585,,2020,
JAMAICA,0.121495327,,2020,
JAY,0.087855297,0.263565891,2020,
JERICHO,0.06922012,0.44993078,2020,
JOHNSON,0.070257611,0.307259953,2020,
KILLINGTON,,0.416149068,2020,
KIRBY,0.136125654,,2020,
LANDGROVE,0.388888889,,2020,
LEICESTER,0.047954866,0.363892807,2020,
LEMINGTON,0.152777778,0.319444444,2020,
LINCOLN,0.139925373,0.564365672,2020,
LONDONDERRY,0.080405405,,2020,
LOWELL,0.168503937,0.236220472,2020,
LUDLOW,,0.40754717,2020,
LYNDON,0.024872809,0.245336348,2020,
MAIDSTONE,0.123529412,0.594117647,2020,
MANCHESTER,0.024048096,0.325400802,2020,
MARLBORO,,0.581005587,2020,
MENDON,0.058628319,0.409292035,2020,
MIDDLEBURY,0.040934579,0.438691589,2020,
MIDDLESEX,,0.472354949,2020,
MILTON,,0.377828054,2020,
MONTGOMERY,0.065641026,,2020,
MORETOWN,,0.505369128,2020,
MORGAN,0.067114094,0.248322148,2020,
MORRISTOWN,0.042206967,0.344012204,2020,
MOUNT HOLLY,,0.477186312,2020,
MOUNT TABOR,0.091603053,0.34351145,2020,
NEW HAVEN,,0.570347958,2020,
NEWARK,0.118534483,,2020,
NEWBURY,0.082726671,0.30840503,2020,
NEWFANE,,0.41025641,2020,
NEWPORT CITY,,0.249534946,2020,
NEWPORT TOWN,0.057663126,0.194992413,2020,
NORTH HERO,,0.487405542,2020,
NORTHFIELD,0.046875,0.4175,2020,
NORTON,0.129310345,,2020,
NORWICH,,0.570989551,2020,
ORWELL,,0.519640853,2020,
PAWLET,,0.487387387,2020,
PEACHAM,0.235204856,,2020,
PERU,0.121468927,,2020,
PITTSFIELD,0.603603604,,2020,
PLYMOUTH,0.172413793,0.531034483,2020,
POMFRET,0.14863103,,2020,
POULTNEY,,1,2020,
PROCTOR,0.164880462,0.39983512,2020,
PUTNEY,0.087533156,0.482758621,2020,
RANDOLPH,,0.376328217,2020,
READING ,0.204198473,,2020,
READSBORO,0.107719928,0.448833034,2020,
RICHFORD,,0.314167161,2020,
RICHMOND,0.047379331,0.521172638,2020,
RIPTON,0.207373272,0.592165899,2020,
ROCHESTER,0.167037862,,2020,
ROCKINGHAM,,0.377289377,2020,
ROXBURY,0.156603774,0.466037736,2020,
ROYALTON,0.075264271,0.315433404,2020,
RUPERT,,0.53219697,2020,
RUTLAND TOWN,,0.526209677,2020,
RYEGATE,0.128205128,,2020,
SAINT GEORGE,0.060728745,,2020,
SALISBURY,,0.383783784,2020,
SEARSBURG,0.215053763,0.419354839,2020,
SHAFTSBURY,0.035925926,0.382962963,2020,
SHEFFIELD,0.255319149,,2020,
SHELBURNE,,0.499460626,2020,
SHELDON,0.047806156,0.193844139,2020,
SHOREHAM,0.097142857,0.464,2020,
SHREWSBURY,,0.419753086,2020,
SOUTH BURLINGTON,,0.558064516,2020,
SOUTH HERO,,0.505487411,2020,
SPRINGFIELD,,0.326066091,2020,
ST. ALBANS TOWN,,0.417867435,2020,
ST. ALBANS CITY,,0.329249617,2020,
ST. JOHNSBURY,,0.428936368,2020,
STANNARD,0.197278912,,2020,
STARKSBORO,0.096420745,0.410518627,2020,
STOCKBRIDGE,0.081818182,,2020,
STRAFFORD,0.243715847,,2020,
STRATTON,0.228426396,,2020,
SUDBURY,0.134529148,,2020,
SUNDERLAND,0.073976222,0.397622193,2020,
SUTTON,0.159771755,,2020,
SWANTON,,0.332716763,2020,
THETFORD,0.108382727,0.546570703,2020,
TINMOUTH,0.203166227,0.54353562,2020,
TOPSHAM,0.122827346,,2020,
TROY,0.045085663,,2020,
TUNBRIDGE,0.938967136,,2020,
UNDERHILL,0.078094494,0.490823897,2020,
VERGENNES,,0.447864945,2020,
VERNON,,0.368623149,2020,
VERSHIRE,0.117533719,0.437379576,2020,
VICTORY,0.430555556,0.638888889,2020,
WALDEN,0.086956522,0.350631136,2020,
WALLINGFORD,0.054123711,0.403994845,2020,
WARDSBORO,0.090909091,,2020,
WATERBURY,,0.457777778,2020,
WATERFORD,0.073146293,0.329659319,2020,
WATERVILLE,0.140961857,,2020,
WELLS,,0.363732768,2020,
WEST FAIRLEE,0.055452865,0.28650647,2020,
WEST RUTLAND,,0.375488918,2020,
WEST WINDSOR,0.137967914,,2020,
WESTFORD,0.031048623,0.409490334,2020,
WESTMINSTER,0.062992126,0.424409449,2020,
WESTON,0.164271047,,2020,
WHEELOCK,0.101010101,,2020,
WHITING ,0.284090909,,2020,
WHITINGHAM,0.117977528,,2020,
WILLIAMSTOWN,,0.325714286,2020,
WILLISTON,,0.44721519,2020,
WILMINGTON,0.049382716,0.325925926,2020,
WINDHAM,0.334346505,,2020,
WINDSOR,,0.667720518,2020,
WINHALL,0.099734043,0.392287234,2020,
WOLCOTT,0.159010601,0.304770318,2020,
WOODFORD,0.053435115,0.385496183,2020,
WOODSTOCK,,0.464482759,2020,
ALBANY,,0.254062038,2021,YES
ANDOVER,,0.297979798,2021,NO
ARLINGTON,,0.21042654,2021,YES
BARRE CITY,,0.264981439,2021,NO
BARTON,,0.094258373,2021,NO
BENNINGTON,,0.188353702,2021,NO
BENSON,,0.241153342,2021,YES
BERKSHIRE,,0.104961832,2021,NO
BERLIN,,0.400807673,2021,NO
BETHEL,,0.227848101,2021,YES
BOLTON,,0.196635121,2021,YES
BRADFORD,,0.217391304,2021,NO
BRAINTREE,,0.12209889,2021,YES
BRANDON,,0.431499829,2021,NO
BRATTLEBORO,,0.189315559,2021,NO
BRIDGEWATER,,0.343873518,2021,YES
BRIDPORT,,0.288209607,2021,YES
BRIGHTON,,0.143318966,2021,NO
BRISTOL,,0.201646091,2021,YES
BROWNINGTON,,0.141823444,2021,YES
BURKE,,0.221949222,2021,NO
BURLINGTON,,0.439972221,2021,NO
CABOT,,0.517210145,2021,NO
CALAIS,,0.418004187,2021,YES
CAMBRIDGE,,0.141855808,2021,YES
CANAAN,,0.179525223,2021,YES
CASTLETON,,0.223977028,2021,NO
CAVENDISH,,0.146451033,2021,YES
CHARLESTON,,0.155027933,2021,YES
CHARLOTTE,,0.388566188,2021,YES
CHESTER,,0.24137931,2021,YES
CLARENDON,,0.235849057,2021,NO
CONCORD,,0.162971175,2021,NO
CORNWALL,,0.513540622,2021,YES
COVENTRY,,0.355974843,2021,YES
DANBY,,0.490433031,2021,YES
DERBY,,0.158193695,2021,YES
DUMMERSTON,,0.376802097,2021,NO
EAST HAVEN,,0.271356784,2021,YES
EAST MONTPELIER,,0.401934916,2021,YES
ELMORE,,0.354796321,2021,NO
ESSEX,,0.47188755,2021,YES
FAIRFAX,,0.246625422,2021,NO
FAIRFIELD,,0.142065142,2021,NO
FAIRLEE,,0.383580081,2021,YES
FERRISBURGH,,0.203412663,2021,NO
FLETCHER,,0.245548266,2021,NO
FRANKLIN,,0.350806452,2021,YES
GLOVER,,0.202622169,2021,NO
GOSHEN,,0.371257485,2021,YES
GRAFTON,,0.447013487,2021,YES
GRANVILLE,,0.404761905,2021,YES
GROTON,,0.311170213,2021,YES
GUILDHALL,,0.451923077,2021,YES
GUILFORD,,0.258907363,2021,YES
HANCOCK,,0.153583618,2021,NO
HARTFORD,,0.208865736,2021,YES
HIGHGATE,,0.149054983,2021,NO 
HINESBURG,,0.219635142,2021,YES
HOLLAND,,0.104803493,2021,NO
HUBBARDTON,,0.21575985,2021,YES
HYDE PARK,,0.157796452,2021,YES
IRA ,,0.263492063,2021,YES
IRASBURG,,0.118483412,2021,YES
JAY,,0.088235294,2021,NO
JERICHO,,0.270035253,2021,YES
KILLINGTON,,0.221072437,2021,NO
LANDGROVE,,0.564285714,2021,YES
LINCOLN,,0.374429224,2021,YES
LYNDON,,0.093283582,2021,YES
MANCHESTER,,0.343383585,2021,YES
MARLBORO,,0.416555407,2021,YES
MIDDLEBURY,,0.269633044,2021,YES
MIDDLETOWN SPRINGS,,0.5,2021,NO
MORETOWN,,0.409530387,2021,YES
MORRISTOWN,,0.356915545,2021,NO
MOUNT HOLLY,,0.247747748,2021,NO
MOUNT TABOR,,0.370629371,2021,YES
NEW HAVEN,,0.283101683,2021,NO
NEWARK,,0.176344086,2021,YES
NEWBURY,,0.138851802,2021,YES
NEWFANE,,0.155807365,2021,YES
NEWPORT CITY,,0.116071429,2021,NO
NORTH HERO,,0.451690821,2021,NO
NORTHFIELD,0.213203463,0.306560392,2021,YES
NORTON,,0.106060606,2021,NO
NORWICH,,0.287915408,2021,NO
ORANGE,,0.357590966,2021,YES
ORWELL,,0.268640351,2021,NO
PAWLET,,0.450348432,2021,NO
PITTSFIELD,,0.267605634,2021,YES
PLAINFIELD,,0.323529412,2021,NO
POMFRET,,0.628719276,2021,NO
POULTNEY,,0.132478632,2021,NO
PROCTOR,,0.1645469,2021,YES
RANDOLPH,,0.268328021,2021,NO
READING ,,0.50092081,2021,NO
READSBORO,,0.305743243,2021,NO
RICHMOND,,0.406337372,2021,YES
RIPTON,,0.436450839,2021,YES
ROCHESTER,,0.154008439,2021,YES
ROCKINGHAM,,0.166902005,2021,YES
ROXBURY,,0.549450549,2021,NO
ROYALTON,,0.108547009,2021,NO
RUTLAND CITY,,0.318606322,2021,NO
RUTLAND TOWN,,0.294042281,2021,YES
SAINT ALBANS TOWN,,0.418428667,2021,NO
SEARSBURG,,0.212121212,2021,YES
SHELBURNE,,0.26921321,2021,YES
SHELDON,,0.15513308,2021,NO
SHOREHAM,,0.286374134,2021,YES
SOUTH BURLINGTON,,0.388723459,2021,YES
SOUTH HERO,,0.630352645,2021,YES
SPRINGFIELD,,0.176842388,2021,YES
ST. ALBANS CITY,,0.15039098,2021,NO
STOWE,,0.355540897,2021,YES
STRAFFORD,,0.505208333,2021,YES
SUNDERLAND,,0.286624204,2021,YES
SUTTON,,0.222689076,2021,YES
SWANTON,,0.15747331,2021,NO
THETFORD,,0.461008186,2021,YES
TOPSHAM,,0.274193548,2021,YES
TOWNSHEND,,0.238232469,2021,YES
UNDERHILL,,0.320472441,2021,YES
WAITSFIELD,,0.365853659,2021,YES
WALDEN,,0.394150418,2021,YES
WALLINGFORD,,0.315298507,2021,YES
WARREN,,0.193971166,2021,YES
WATERBURY,,0.23985968,2021,YES
WATERFORD,,0.135214008,2021,NO
WEATHERSFIELD,,0.193587662,2021,NO
WELLS,,0.166853303,2021,NO
WEST RUTLAND,,0.158641975,2021,NO
WEST WINDSOR,,0.190525232,2021,YES
WESTFIELD,,0.238095238,2021,YES
WESTFORD,,0.243307555,2021,NO
WHEELOCK,,0.186084142,2021,YES
WILLIAMSTOWN,,0.134775374,2021,YES
WILLISTON,,0.156851033,2021,NO
WILMINGTON,,0.294467579,2021,YES
WINDHAM,,0.547008547,2021,YES
WINDSOR,,0.208134848,2021,NO
WOLCOTT,,0.197783461,2021,YES
WOODFORD,,0.154150198,2021,NO
WOODSTOCK,,0.324803821,2021,YES
BLOOMFIELD,0.0932,,2021,
CHELSEA,0.213203463,,2021,
GRAFTON,0.183044316,,2021,
GRANBY,0.230769231,,2021,
JAY,0.171568627,,2021,
KIRBY,0.019851117,,2021,
LOWELL,0.136904762,,2021,
NORTON,0.106060606,,2021,
PERU,0.190217391,,2021,
READING,0.092081031,,2021,
ROCHESTER,0.13185654,,2021,
SHEFFIELD,0.158562368,,2021,
SHELDON,0.098859316,,2021,
STOCKBRIDGE,0.088028169,,2021,
WESTFORD,0.031528852,,2021,
Addison,0,0.194682676,2022,
Albany,0.092705167,0,2022,
Andover,0,0.526829268,2022,
Arlington,0.037418148,0.264265669,2022,
Athens,0.180887372,0,2022,
Bakersfield,0.200807265,0.200807265,2022,
BARNARD,0.072463768,0,2022,
BARNARD,#DIV/0!,#DIV/0!,2022,
Barre City,0,0.218488828,2022,
Barre Town,#VALUE!,#VALUE!,2022,
Barton,0,0.069926874,2022,
Belvidere,0.114068441,#VALUE!,2022,
Belvidere,#VALUE!,#VALUE!,2022,
Bennington,0,0.150540836,2022,
Benson,0,0.273989899,2022,
Berkshire,0,0.097042514,2022,
Berlin,0,0.274939173,2022,
Bethel,0,0.112278398,2022,
Bloomfield,0.089171975,0,2022,
Bolton,#VALUE!,0.182095626,2022,
Bradford,#DIV/0!,#DIV/0!,2022,
Braintree,0.03560529,0,2022,
BRANDON,#VALUE!,0.318226927,2022,
Brattleboro,0.013756045,0.140677055,2022,
Bridgewater,#VALUE!,0.408788282,2022,
Bridport,0,0.242980562,2022,
Bristol,0,0.253104107,2022,
Brookfield,0,0.136663525,2022,
BRUNSWICK,0,0.445945946,2022,
Burke,0,0.230586371,2022,
Burlington,0,0.291047819,2022,
Cabot,#DIV/0!,#DIV/0!,2022,
Cambridge,0,0.197474911,2022,
Canaan,0.064788732,0.166197183,2022,
Castleton,0,0.239130435,2022,
Charleston,0.06545961,0.057103064,2022,
Chelsea,1,5.021276596,2022,
Clarendon,0,0.21201232,2022,
Concord,0,0.176336746,2022,
Cornwall,0,0.389054726,2022,
DANBY,0.039915966,0.574579832,2022,
Derby,0,0.105472073,2022,
DUMMERSTON,0,0.273724984,2022,
Duxbury,#VALUE!,0.289136014,2022,
East Montpelier,0,0.341880342,2022,
Eden,0.062298604,0,2022,
ELMORE,0,0.454907162,2022,
FAIR HAVEN,#DIV/0!,#DIV/0!,2022,
FAIRFAX,#VALUE!,0.249126579,2022,
Fairfield,0.170299728,0,2022,
Fairlee,0,0.347769029,2022,
Ferrisburgh,0,0.208680403,2022,
Fletcher,0,0.219944082,2022,
Franklin,0,0.231621349,2022,
Georgia,0,0.222001982,2022,
Glover,0.058548009,0,2022,
Goshen,0.245398773,0.478527607,2022,
Granby,0.2,0,2022,
Grand Isle,0,0.321845794,2022,
Greensboro,0.248062016,0,2022,
Groton,0,0.312820513,2022,
Guildhall,0,0.381818182,2022,
Guilford,0,0.419168591,2022,
Hancock,0,0.215017065,2022,
Hardwick,0,0.153813559,2022,
Hartford,0,0.214024593,2022,
Hartland,0,0.32231405,2022,
HIGHGATE,0.041963911,0.16491817,2022,
Hinesburg,0,0.223973257,2022,
Hubbardton,0,0.236162362,2022,
HYDE PARK,#VALUE!,#VALUE!,2022,
Ira,0,0.268370607,2022,
Irasburg,0.823529412,0,2022,
Isle La Motte,#VALUE!,0.375536481,2022,
Jamaica,0.080052493,0,2022,
Jay,0.112440191,0,2022,
Johnson,0,0.198299015,2022,
Kirby,#VALUE!,#VALUE!,2022,
Landgrove,0,0.398496241,2022,
LEICESTER,0,0.145118734,2022,
Lincoln,#VALUE!,0.351785714,2022,
Lyndon,0,0.093924192,2022,
Maidstone,#VALUE!,0.215189873,2022,
Manchester,0,0.258255034,2022,
Marlboro,0,0.41997264,2022,
Middlebury,#VALUE!,0.215581275,2022,
Middletown Springs,0,0.438571429,2022,
Milton,0,0.235134497,2022,
Montgomery,#VALUE!,0.322906155,2022,
Morgan,#VALUE!,0.067641682,2022,
Morristown,0,0.356121212,2022,
Mount Holly,#VALUE!,0.372710623,2022,
Newark,0,0.194503171,2022,
Newbury,0,0.118412492,2022,
Newfane,0,0.21754386,2022,
NEWPORT CITY,0,0.078331638,2022,
North Hero,0,0.266899767,2022,
NORTHFIELD,#VALUE!,0.130170316,2022,
Norton,0.161016949,0,2022,
Norwich,#DIV/0!,#DIV/0!,2022,
Orange,0.082833133,0,2022,
Orwell,#VALUE!,0.281423804,2022,
Pawlet,#VALUE!,0.315217391,2022,
Peru,#VALUE!,0.128205128,2022,
Pittsfield,0.11778291,0,2022,
PLAINFIELD,0,0.285188592,2022,
Plymouth,0.25,4.25,2022,
Plymouth,0,0.174897119,2022,
Pomfret,0,0.47875,2022,
Poultney,0,0.273159145,2022,
Proctor,0,0.176153846,2022,
Readsboro,0.041118421,0.192434211,2022,
Richford,0,0.119767442,2022,
Richmond,0,0.327596618,2022,
ROCKINGHAM,0,0.145266594,2022,
Roxbury,0,0.316270567,2022,
Royalton,0,0.156722689,2022,
Rutland City,#DIV/0!,#DIV/0!,2022,
RYEGATE,0.096969697,#VALUE!,2022,
Salisbury,0,0.205914567,2022,
Sharon,0,0.332409972,2022,
Shelburne,#DIV/0!,#DIV/0!,2022,
SHELDON,0,0.104151493,2022,
Shoreham,0,0.274266366,2022,
Shrewsbury,0,0.340884574,2022,
South Burlington,0,0.200514623,2022,
Springfield,0,0.187213997,2022,
ST JOHNSBURY,0,0.190425981,2022,
Starksboro,0,0.267530488,2022,
Stowe,0,0.249832252,2022,
Strafford,0,0.550515464,2022,
Stratton,0.086206897,0,2022,
Sudbury,#VALUE!,1,2022,
SUNDERLAND,#VALUE!,0.212740385,2022,
Sutton,0.095238095,0,2022,
Swanton,#VALUE!,0.141377077,2022,
Tinmouth,#VALUE!,0.567164179,2022,
Town of Alburgh,#DIV/0!,#DIV/0!,2022,
Town of Brighton,0.042689434,0.162219851,2022,
Town of Calais,#DIV/0!,#DIV/0!,2022,
Town of East Haven ,#DIV/0!,#DIV/0!,2022,
Town of Killington,0,0.247770069,2022,
Town of Lowell,0.254957507,0,2022,
Town of Newport,0,0.07771261,2022,
Town of Reading,0,0.29489603,2022,
Townshend,0,0.16713615,2022,
Troy,0.037818821,0,2022,
Tunbridge,#DIV/0!,#DIV/0!,2022,
Victory,0.5625,0.640625,2022,
Waitsfield,0,0.310275353,2022,
Walden,0,0.319888734,2022,
Wallingford,0,0.310302283,2022,
WALTHAM,0,0.222488038,2022,
Warren,0.146962769,0.204441541,2022,
Waterbury,0,0.247616886,2022,
WATERVILLE,0.083056478,0,2022,
Weathersfield,0,0.189613527,2022,
wells,0,0.182017544,2022,
West Haven,0,0.387640449,2022,
West Rutland,0,0.135779817,2022,
Westford,0,0.017836594,2022,
Westminster,#VALUE!,0,2022,
Westmore,#VALUE!,0.58490566,2022,
WESTON,0.181132075,0,2022,
Weybridge,0,0.370068027,2022,
Wheelock,0,0.248,2022,
WHITING,#DIV/0!,#DIV/0!,2022,
WHITINGHAM,#VALUE!,0.271151886,2022,
Williamstown,0.025469729,0.171189979,2022,
Williston,0,0.207122008,2022,
WILMINGTON,#VALUE!,0.160440906,2022,
WINDHAM,#VALUE!,#VALUE!,2022,
Windsor,0,0.164300923,2022,
WINOOSKI,0,0.181642138,2022,
Wolcott,0,0.205737705,2022,
WOODFORD,0,0.109022556,2022,
Worcester,,,2022,
Addison,DATA NOT PROVIDED,0.22212693,2023,
Albany,DATA NOT PROVIDED,0.099853157,2023,
Alburgh,DATA NOT PROVIDED,0.219380888,2023,
Andover,DATA NOT PROVIDED,0.157107232,2023,
Arlington,DATA NOT PROVIDED,0.207323363,2023,
Athens,DATA NOT PROVIDED,0.336769759,2023,
Bakersfield,DATA NOT PROVIDED,0.216410256,2023,
Baltimore,DATA NOT PROVIDED,0.111111111,2023,
Barnard,DATA NOT PROVIDED,0.115117892,2023,
Barnet,DATA NOT PROVIDED,0.061643836,2023,
Barre City,DATA NOT PROVIDED,0.211141212,2023,
Barre Town,DATA NOT PROVIDED,0.20398482,2023,
Barton,DATA NOT PROVIDED,0.03992572,2023,
Belvidere,DATA NOT PROVIDED,0.151851852,2023,
Bennington,DATA NOT PROVIDED,0.206489676,2023,
Benson,DATA NOT PROVIDED,0.353227771,2023,
Berkshire,DATA NOT PROVIDED,0.14985015,2023,
Berlin,DATA NOT PROVIDED,0.147196262,2023,
Bethel,DATA NOT PROVIDED,0.065659882,2023,
Bloomfield,DATA NOT PROVIDED,0.086956522,2023,
Bolton,DATA NOT PROVIDED,0.167158309,2023,
Bradford,DATA NOT PROVIDED,0.047596154,2023,
Braintree,DATA NOT PROVIDED,0.044334975,2023,
Brandon,DATA NOT PROVIDED,0.394699647,2023,
Brattleboro,DATA NOT PROVIDED,0.216075157,2023,
Bridgewater,DATA NOT PROVIDED,0.176229508,2023,
Bridport,DATA NOT PROVIDED,0.235555556,2023,
Brighton,DATA NOT PROVIDED,0.254219409,2023,
Bristol,DATA NOT PROVIDED,0.145121193,2023,
Brookfield,DATA NOT PROVIDED,0.276951673,2023,
Brookline,DATA NOT PROVIDED,0.108695652,2023,
Brownington,DATA NOT PROVIDED,0.098176718,2023,
Brunswick,DATA NOT PROVIDED,0.4,2023,
Burke,DATA NOT PROVIDED,0.197703035,2023,
Burlington,DATA NOT PROVIDED,0.302001864,2023,
Cabot,DATA NOT PROVIDED,0.36127917,2023,
Calais,DATA NOT PROVIDED,0.481632653,2023,
Cambridge,DATA NOT PROVIDED,0.072347267,2023,
Canaan,DATA NOT PROVIDED,0.175141243,2023,
Castleton,DATA NOT PROVIDED,0.265130674,2023,
Cavendish,DATA NOT PROVIDED,0.143338954,2023,
Charleston,DATA NOT PROVIDED,0.091164095,2023,
Charlotte,DATA NOT PROVIDED,0.288374887,2023,
Chelsea,DATA NOT PROVIDED,0.168224299,2023,
Chester,DATA NOT PROVIDED,0.179528838,2023,
Chittenden,DATA NOT PROVIDED,0.24863388,2023,
Clarendon,DATA NOT PROVIDED,0.161809045,2023,
Colchester,DATA NOT PROVIDED,0.254506544,2023,
Concord,DATA NOT PROVIDED,0.184684685,2023,
Corinth,DATA NOT PROVIDED,0.106233538,2023,
Cornwall,DATA NOT PROVIDED,0.081658291,2023,
Coventry,DATA NOT PROVIDED,0.081658291,2023,
Craftsbury,DATA NOT PROVIDED,0.130299897,2023,
Danby,DATA NOT PROVIDED,0.411347518,2023,
Danville,DATA NOT PROVIDED,0.120860927,2023,
Derby,DATA NOT PROVIDED,0.105351171,2023,
Dorset,DATA NOT PROVIDED,0.146674247,2023,
Dover,DATA NOT PROVIDED,0.070771408,2023,
Dummerston,DATA NOT PROVIDED,0.278950736,2023,
Duxbury,DATA NOT PROVIDED,0.230111206,2023,
East Haven,DATA NOT PROVIDED,0.242990654,2023,
East Montpelier,DATA NOT PROVIDED,0.33361558,2023,
Eden,DATA NOT PROVIDED,0.081589958,2023,
Elmore,DATA NOT PROVIDED,0.088829071,2023,
Enosburgh,DATA NOT PROVIDED,0.066931086,2023,
Essex Junction City,DATA NOT PROVIDED,0.256274939,2023,
Essex Town,DATA NOT PROVIDED,0.109858834,2023,
Fair Haven,DATA NOT PROVIDED,0.276435856,2023,
Fairfax,DATA NOT PROVIDED,0.243839836,2023,
Fairfield,DATA NOT PROVIDED,0.108236896,2023,
Fairlee,DATA NOT PROVIDED,0.121761658,2023,
Fayston,DATA NOT PROVIDED,0.080553295,2023,
Ferrisburgh,DATA NOT PROVIDED,0.177664975,2023,
Fletcher,DATA NOT PROVIDED,0.094619666,2023,
Franklin,DATA NOT PROVIDED,0.066225166,2023,
Georgia,DATA NOT PROVIDED,0.199474439,2023,
Glover,DATA NOT PROVIDED,0.074944072,2023,
Goshen,DATA NOT PROVIDED,0.734567901,2023,
Grafton,DATA NOT PROVIDED,0.225865209,2023,
Granby,DATA NOT PROVIDED,0.226415094,2023,
Grand Isle,DATA NOT PROVIDED,0.281658149,2023,
Granville,DATA NOT PROVIDED,0.162790698,2023,
Greensboro,DATA NOT PROVIDED,0.19054878,2023,
Groton,DATA NOT PROVIDED,0.107816712,2023,
Guildhall,DATA NOT PROVIDED,0.206140351,2023,
Guilford,DATA NOT PROVIDED,0.222222222,2023,
Halifax,DATA NOT PROVIDED,0.316878981,2023,
Hancock,DATA NOT PROVIDED,0.098360656,2023,
Hardwick,DATA NOT PROVIDED,0.133546035,2023,
Hartford,DATA NOT PROVIDED,0.183141102,2023,
Hartland,DATA NOT PROVIDED,0.159192058,2023,
Highgate,DATA NOT PROVIDED,0.131958763,2023,
Hinesburg,DATA NOT PROVIDED,0.182457786,2023,
Holland,DATA NOT PROVIDED,0.066810345,2023,
Hubbardton,DATA NOT PROVIDED,0.251851852,2023,
Huntington,DATA NOT PROVIDED,0.233078281,2023,
Hyde Park,DATA NOT PROVIDED,0.095364238,2023,
Ira ,DATA NOT PROVIDED,0.238095238,2023,
Irasburg,DATA NOT PROVIDED,0.069119287,2023,
Isle La Motte,DATA NOT PROVIDED,0.432773109,2023,
Jamaica,DATA NOT PROVIDED,0.097754293,2023,
Jay,DATA NOT PROVIDED,0.088167053,2023,
Jericho,DATA NOT PROVIDED,0.109453878,2023,
Johnson,DATA NOT PROVIDED,0.119070668,2023,
Killington,DATA NOT PROVIDED,0.433586338,2023,
Kirby,DATA NOT PROVIDED,0.120481928,2023,
Landgrove,DATA NOT PROVIDED,0.291970803,2023,
Leicester,DATA NOT PROVIDED,0.233289646,2023,
Lemington,DATA NOT PROVIDED,0.235294118,2023,
Lincoln,DATA NOT PROVIDED,0.298860649,2023,
Londonderry,DATA NOT PROVIDED,0.136968928,2023,
Lowell,DATA NOT PROVIDED,0.237516869,2023,
Ludlow,DATA NOT PROVIDED,0.158711217,2023,
Lunenburg,DATA NOT PROVIDED,0.032142857,2023,
Lyndon,DATA NOT PROVIDED,0.104573415,2023,
Maidstone,DATA NOT PROVIDED,0.331288344,2023,
Manchester,DATA NOT PROVIDED,0.214383374,2023,
Marlboro,DATA NOT PROVIDED,0.586720867,2023,
Marshfield,DATA NOT PROVIDED,0.17188823,2023,
Mendon,DATA NOT PROVIDED,0.117948718,2023,
Middlebury,DATA NOT PROVIDED,0.185523423,2023,
Middlesex,DATA NOT PROVIDED,0.42819325,2023,
Middletown Springs,DATA NOT PROVIDED,0.369472183,2023,
Milton,DATA NOT PROVIDED,0.236954268,2023,
Monkton,DATA NOT PROVIDED,0.159522518,2023,
Montgomery,DATA NOT PROVIDED,0.090382387,2023,
Montpelier,DATA NOT PROVIDED,0.31050041,2023,
Moretown,DATA NOT PROVIDED,0.195040214,2023,
Morgan,DATA NOT PROVIDED,0.101663586,2023,
Morristown,DATA NOT PROVIDED,0.442226397,2023,
Mount Holly,DATA NOT PROVIDED,0.222851747,2023,
Mount Tabor,DATA NOT PROVIDED,0.144827586,2023,
New Haven,DATA NOT PROVIDED,0.226544622,2023,
Newark,DATA NOT PROVIDED,0.138004246,2023,
Newbury,DATA NOT PROVIDED,0.436918991,2023,
Newfane,DATA NOT PROVIDED,0.149892934,2023,
Newport City,DATA NOT PROVIDED,0.118166217,2023,
Newport Town,DATA NOT PROVIDED,0.044754219,2023,
North Hero,DATA NOT PROVIDED,0.396267838,2023,
Northfield,DATA NOT PROVIDED,0.19355792,2023,
Norton,DATA NOT PROVIDED,0.153846154,2023,
Norwich,DATA NOT PROVIDED,0.395687823,2023,
Orange,DATA NOT PROVIDED,0.037296037,2023,
Orwell,DATA NOT PROVIDED,0.224229543,2023,
Panton,DATA NOT PROVIDED,0.204980843,2023,
Pawlet,DATA NOT PROVIDED,0.247551202,2023,
Peacham,DATA NOT PROVIDED,0.122392211,2023,
Peru,DATA NOT PROVIDED,0.135064935,2023,
Pittsfield,DATA NOT PROVIDED,0.118451025,2023,
Pittsford,DATA NOT PROVIDED,0.157594381,2023,
Plainfield,DATA NOT PROVIDED,0.214348981,2023,
Plymouth,DATA NOT PROVIDED,0.245,2023,
Pomfret,DATA NOT PROVIDED,0.467598475,2023,
Poultney,DATA NOT PROVIDED,0.233730522,2023,
Pownal,DATA NOT PROVIDED,0.184064764,2023,
Proctor,DATA NOT PROVIDED,0.141321045,2023,
Putney,DATA NOT PROVIDED,0.165284974,2023,
Randolph,DATA NOT PROVIDED,0.203494624,2023,
Reading,DATA NOT PROVIDED,0.265420561,2023,
Readsboro,DATA NOT PROVIDED,0.195758564,2023,
Richford,DATA NOT PROVIDED,0.122927387,2023,
Richmond,DATA NOT PROVIDED,0.220840734,2023,
Ripton,DATA NOT PROVIDED,0.357798165,2023,
Rochester,DATA NOT PROVIDED,0.085653105,2023,
Rockingham,DATA NOT PROVIDED,0.181199267,2023,
Roxbury,DATA NOT PROVIDED,0.542608696,2023,
Royalton,DATA NOT PROVIDED,0.258275058,2023,
Rupert,DATA NOT PROVIDED,0.358878505,2023,
Rutland City,DATA NOT PROVIDED,0.25770403,2023,
Rutland Town,DATA NOT PROVIDED,0.248384118,2023,
Ryegate,DATA NOT PROVIDED,0.117233294,2023,
Saint Albans City,DATA NOT PROVIDED,0.077583305,2023,
Saint Albans Town,DATA NOT PROVIDED,0.327292111,2023,
Saint George,DATA NOT PROVIDED,#DIV/0!,2023,
Saint Johnsbury,DATA NOT PROVIDED,0.163433668,2023,
Salisbury,DATA NOT PROVIDED,0.202531646,2023,
Sandgate,DATA NOT PROVIDED,0.219101124,2023,
Searsburg,DATA NOT PROVIDED,0.14,2023,
Shaftsbury,DATA NOT PROVIDED,0.225017229,2023,
Sharon,DATA NOT PROVIDED,0.110051993,2023,
Sheffield,DATA NOT PROVIDED,0.06300813,2023,
Shelburne,DATA NOT PROVIDED,0.208035459,2023,
Sheldon,DATA NOT PROVIDED,0.027330063,2023,
Shoreham,DATA NOT PROVIDED,0.183789954,2023,
Shrewsbury,DATA NOT PROVIDED,0.263759086,2023,
South Burlington,DATA NOT PROVIDED,0.211077191,2023,
South Hero,DATA NOT PROVIDED,0.407181984,2023,
Springfield,DATA NOT PROVIDED,0.148724832,2023,
Stamford,DATA NOT PROVIDED,0.427792916,2023,
Stannard,DATA NOT PROVIDED,0.153409091,2023,
Starksboro,DATA NOT PROVIDED,0.163636364,2023,
Stockbridge,DATA NOT PROVIDED,0.118760757,2023,
Stowe,DATA NOT PROVIDED,0.069721981,2023,
Strafford,DATA NOT PROVIDED,0.170385396,2023,
Stratton,DATA NOT PROVIDED,0.11965812,2023,
Sudbury,DATA NOT PROVIDED,0.180084746,2023,
Sunderland,DATA NOT PROVIDED,0.190585534,2023,
Sutton,DATA NOT PROVIDED,0.088555858,2023,
Swanton,DATA NOT PROVIDED,0.155438226,2023,
Thetford,DATA NOT PROVIDED,0.136946628,2023,
Tinmouth,DATA NOT PROVIDED,0.320293399,2023,
Topsham,DATA NOT PROVIDED,0.095661846,2023,
Townshend,DATA NOT PROVIDED,0.088073394,2023,
Troy,DATA NOT PROVIDED,0.0472103,2023,
Tunbridge,DATA NOT PROVIDED,0.124448367,2023,
Underihill,DATA NOT PROVIDED,0.165909091,2023,
Vergennes,DATA NOT PROVIDED,0.208872458,2023,
Vernon,DATA NOT PROVIDED,0.202695697,2023,
Vershire,DATA NOT PROVIDED,#DIV/0!,2023,
Victory,DATA NOT PROVIDED,0.676923077,2023,
Waitsfield,DATA NOT PROVIDED,0.18779661,2023,
Walden,DATA NOT PROVIDED,0.253077975,2023,
Wallingford,DATA NOT PROVIDED,0.214876033,2023,
Waltham,DATA NOT PROVIDED,0.097087379,2023,
Wardsboro,DATA NOT PROVIDED,0.084615385,2023,
Warren,DATA NOT PROVIDED,0.125158831,2023,
Washington,DATA NOT PROVIDED,0.249702735,2023,
Waterbury,DATA NOT PROVIDED,0.149392265,2023,
Waterford,DATA NOT PROVIDED,0.113718412,2023,
Waterville,DATA NOT PROVIDED,0.152173913,2023,
Weathersfield,DATA NOT PROVIDED,0.150793651,2023,
Wells,DATA NOT PROVIDED,0.23347548,2023,
West Fairlee,DATA NOT PROVIDED,0.120240481,2023,
West Haven,DATA NOT PROVIDED,0.40625,2023,
West Rutland,DATA NOT PROVIDED,0.155328116,2023,
West Windsor,DATA NOT PROVIDED,0.095755183,2023,
Westfield,DATA NOT PROVIDED,0.105809129,2023,
Westford,DATA NOT PROVIDED,0.306515581,2023,
Westminster,DATA NOT PROVIDED,0.100271003,2023,
Westmore,DATA NOT PROVIDED,0.21754386,2023,
Weston,DATA NOT PROVIDED,0.18011257,2023,
Weybridge,DATA NOT PROVIDED,0.292517007,2023,
Wheelock,DATA NOT PROVIDED,0.169544741,2023,
Whiting,DATA NOT PROVIDED,0.157342657,2023,
Whitingham,DATA NOT PROVIDED,0.115346038,2023,
Williamstown,DATA NOT PROVIDED,0.150629314,2023,
Williston,DATA NOT PROVIDED,0.190247993,2023,
Wilmington,DATA NOT PROVIDED,0.110846246,2023,
Windham,DATA NOT PROVIDED,#DIV/0!,2023,
Windsor,DATA NOT PROVIDED,0.151868358,2023,
Winhall,DATA NOT PROVIDED,0.193003619,2023,
Winooski,DATA NOT PROVIDED,0.150199782,2023,
Wolcott,DATA NOT PROVIDED,0.123397436,2023,
Woodbury,DATA NOT PROVIDED,0.122177955,2023,
Woodford,DATA NOT PROVIDED,0.137037037,2023,
Woodstock,DATA NOT PROVIDED,0.156555773,2023,
Worcester,DATA NOT PROVIDED,0.657894737,2023,
Addison,DATA NOT PROVIDED,0.397569444,2024,
Albany,DATA NOT PROVIDED,0.138282387,2024,
Alburgh,DATA NOT PROVIDED,0.380794702,2024,
Andover,DATA NOT PROVIDED,0.177057357,2024,
Arlington,DATA NOT PROVIDED,0.325162581,2024,
Athens,DATA NOT PROVIDED,0.400651466,2024,
Bakersfield,DATA NOT PROVIDED,0.263,2024,
Baltimore,DATA NOT PROVIDED,0.146596859,2024,
Barnard,DATA NOT PROVIDED,0.079710145,2024,
Barnet,DATA NOT PROVIDED,0.088235294,2024,
Barre City,DATA NOT PROVIDED,0.248899756,2024,
Barre Town,DATA NOT PROVIDED,0.246919431,2024,
Barton,DATA NOT PROVIDED,0.059665871,2024,
Belvidere,DATA NOT PROVIDED,0.125925926,2024,
Bennington,DATA NOT PROVIDED,0.270379338,2024,
Benson,DATA NOT PROVIDED,0.358974359,2024,
Berkshire,DATA NOT PROVIDED,0.252957234,2024,
Berlin,DATA NOT PROVIDED,0.284608379,2024,
Bethel,DATA NOT PROVIDED,0.098187311,2024,
Bloomfield,DATA NOT PROVIDED,0.098765432,2024,
Bolton,DATA NOT PROVIDED,0.28585086,2024,
Bradford,DATA NOT PROVIDED,0.267140681,2024,
Braintree,DATA NOT PROVIDED,0.073891626,2024,
Brandon,DATA NOT PROVIDED,0.467413442,2024,
Brattleboro,DATA NOT PROVIDED,0.260625771,2024,
Bridgewater,DATA NOT PROVIDED,0.20625889,2024,
Bridport,DATA NOT PROVIDED,0.341935484,2024,
Brighton,DATA NOT PROVIDED,0.333675565,2024,
Bristol,DATA NOT PROVIDED,0.282388974,2024,
Brookfield,DATA NOT PROVIDED,0.311051693,2024,
Brookline,DATA NOT PROVIDED,0.147252747,2024,
Brownington,DATA NOT PROVIDED,0.142281879,2024,
Brunswick,DATA NOT PROVIDED,0.243243243,2024,
Burke,DATA NOT PROVIDED,0.318072289,2024,
Burlington,DATA NOT PROVIDED,0.465977391,2024,
Cabot,DATA NOT PROVIDED,0.552795031,2024,
Calais,DATA NOT PROVIDED,0.395138889,2024,
Cambridge,DATA NOT PROVIDED,0.070138151,2024,
Canaan,DATA NOT PROVIDED,0.215384615,2024,
Castleton,DATA NOT PROVIDED,0.334847955,2024,
Cavendish,DATA NOT PROVIDED,0.334879406,2024,
Charleston,DATA NOT PROVIDED,0.135245902,2024,
Charlotte,DATA NOT PROVIDED,0.430281269,2024,
Chelsea,DATA NOT PROVIDED,0.193908629,2024,
Chester,DATA NOT PROVIDED,0.302374011,2024,
Chittenden,DATA NOT PROVIDED,0.405222437,2024,
Clarendon,DATA NOT PROVIDED,0.301943199,2024,
Colchester,DATA NOT PROVIDED,0.271276596,2024,
Concord,DATA NOT PROVIDED,0.278153153,2024,
Corinth,DATA NOT PROVIDED,0.221631206,2024,
Cornwall,DATA NOT PROVIDED,0.344497608,2024,
Coventry,DATA NOT PROVIDED,0.368944099,2024,
Craftsbury,DATA NOT PROVIDED,0.160493827,2024,
Danby,DATA NOT PROVIDED,0.278467909,2024,
Danville,DATA NOT PROVIDED,0.165943601,2024,
Derby,DATA NOT PROVIDED,0.234254144,2024,
Dorset,DATA NOT PROVIDED,0.265317594,2024,
Dover,DATA NOT PROVIDED,0.095768374,2024,
Dummerston,DATA NOT PROVIDED,0.330379747,2024,
Duxbury,DATA NOT PROVIDED,0.402777778,2024,
East Haven,DATA NOT PROVIDED,0.372641509,2024,
East Montpelier,DATA NOT PROVIDED,0.697817837,2024,
Eden,DATA NOT PROVIDED,0.064842958,2024,
Elmore,DATA NOT PROVIDED,0.08847185,2024,
Enosburgh,DATA NOT PROVIDED,0.180121325,2024,
Essex Junction City,DATA NOT PROVIDED,0.291833167,2024,
Essex Town,DATA NOT PROVIDED,0.233616037,2024,
Fair Haven,DATA NOT PROVIDED,0.343126967,2024,
Fairfax,DATA NOT PROVIDED,0.350140056,2024,
Fairfield,DATA NOT PROVIDED,0.132625995,2024,
Fairlee,DATA NOT PROVIDED,0.107512953,2024,
Fayston,DATA NOT PROVIDED,0.073684211,2024,
Ferrisburgh,DATA NOT PROVIDED,0.36,2024,
Fletcher,DATA NOT PROVIDED,0.105595668,2024,
Franklin,DATA NOT PROVIDED,0.067033976,2024,
Georgia,DATA NOT PROVIDED,0.283760259,2024,
Glover,DATA NOT PROVIDED,0.0911188,2024,
Goshen,DATA NOT PROVIDED,0.520958084,2024,
Grafton,DATA NOT PROVIDED,0.339688042,2024,
Granby,DATA NOT PROVIDED,0.271186441,2024,
Grand Isle,DATA NOT PROVIDED,0.051003798,2024,
Granville,DATA NOT PROVIDED,0.227848101,2024,
Greensboro,DATA NOT PROVIDED,0.165671642,2024,
Groton,DATA NOT PROVIDED,0.123537061,2024,
Guildhall,DATA NOT PROVIDED,0.316017316,2024,
Guilford,DATA NOT PROVIDED,0.67752809,2024,
Halifax,DATA NOT PROVIDED,0.373754153,2024,
Hancock,DATA NOT PROVIDED,0.115830116,2024,
Hardwick,DATA NOT PROVIDED,0.02574171,2024,
Hartford,DATA NOT PROVIDED,0.252012712,2024,
Hartland,DATA NOT PROVIDED,0.276458616,2024,
Highgate,DATA NOT PROVIDED,0.062295082,2024,
Hinesburg,DATA NOT PROVIDED,0.349509804,2024,
Holland,DATA NOT PROVIDED,0.194503171,2024,
Hubbardton,DATA NOT PROVIDED,0.333944954,2024,
Huntington,DATA NOT PROVIDED,0.22202381,2024,
Hyde Park,DATA NOT PROVIDED,0.251544572,2024,
Ira ,DATA NOT PROVIDED,0.392971246,2024,
Irasburg,DATA NOT PROVIDED,0.142011834,2024,
Isle La Motte,DATA NOT PROVIDED,0.386965377,2024,
Jamaica,DATA NOT PROVIDED,0.103929024,2024,
Jay,DATA NOT PROVIDED,0.069605568,2024,
Jericho,DATA NOT PROVIDED,0.324926153,2024,
Johnson,DATA NOT PROVIDED,0.235087719,2024,
Killington,DATA NOT PROVIDED,0.428310502,2024,
Kirby,DATA NOT PROVIDED,0.135135135,2024,
Landgrove,DATA NOT PROVIDED,0.31496063,2024,
Leicester,DATA NOT PROVIDED,0.324503311,2024,
Lemington,DATA NOT PROVIDED,0.264705882,2024,
Lincoln,DATA NOT PROVIDED,0.4296875,2024,
Londonderry,DATA NOT PROVIDED,0.09380863,2024,
Lowell,DATA NOT PROVIDED,0.149934811,2024,
Ludlow,DATA NOT PROVIDED,0.329579135,2024,
Lunenburg,DATA NOT PROVIDED,0.041425021,2024,
Lyndon,DATA NOT PROVIDED,0.197426068,2024,
Maidstone,DATA NOT PROVIDED,0.459627329,2024,
Manchester,DATA NOT PROVIDED,0.337384412,2024,
Marlboro,DATA NOT PROVIDED,0.559556787,2024,
Marshfield,DATA NOT PROVIDED,0.119636964,2024,
Mendon,DATA NOT PROVIDED,0.410123967,2024,
Middlebury,DATA NOT PROVIDED,0.28017094,2024,
Middlesex,DATA NOT PROVIDED,0.346994536,2024,
Middletown Springs,DATA NOT PROVIDED,0.541725601,2024,
Milton,DATA NOT PROVIDED,0.352878841,2024,
Monkton,DATA NOT PROVIDED,0.071115974,2024,
Montgomery,DATA NOT PROVIDED,0.080628272,2024,
Montpelier,DATA NOT PROVIDED,0.405756039,2024,
Moretown,DATA NOT PROVIDED,0.364251862,2024,
Morgan,DATA NOT PROVIDED,0.077898551,2024,
Morristown,DATA NOT PROVIDED,0.402893052,2024,
Mount Holly,DATA NOT PROVIDED,0.459031657,2024,
Mount Tabor,DATA NOT PROVIDED,0.370629371,2024,
New Haven,DATA NOT PROVIDED,0.418622256,2024,
Newark,DATA NOT PROVIDED,0.189473684,2024,
Newbury,DATA NOT PROVIDED,0.265814696,2024,
Newfane,DATA NOT PROVIDED,0.201991465,2024,
Newport City,DATA NOT PROVIDED,0.21201873,2024,
Newport Town,DATA NOT PROVIDED,0.044520548,2024,
North Hero,DATA NOT PROVIDED,0.490238612,2024,
Northfield,DATA NOT PROVIDED,0.3065625,2024,
Norton,DATA NOT PROVIDED,0.401459854,2024,
Norwich,DATA NOT PROVIDED,0.401851261,2024,
Orange,DATA NOT PROVIDED,0.179428571,2024,
Orwell,DATA NOT PROVIDED,0.403433476,2024,
Panton,DATA NOT PROVIDED,0.388170055,2024,
Pawlet,DATA NOT PROVIDED,0.341973244,2024,
Peacham,DATA NOT PROVIDED,0.141605839,2024,
Peru,DATA NOT PROVIDED,0.14021164,2024,
Pittsfield,DATA NOT PROVIDED,0.116173121,2024,
Pittsford,DATA NOT PROVIDED,0.039805396,2024,
Plainfield,DATA NOT PROVIDED,0.053734062,2024,
Plymouth,DATA NOT PROVIDED,0.485193622,2024,
Pomfret,DATA NOT PROVIDED,0.559691913,2024,
Poultney,DATA NOT PROVIDED,0.297853309,2024,
Pownal,DATA NOT PROVIDED,0.304509723,2024,
Proctor,DATA NOT PROVIDED,0.253355705,2024,
Putney,DATA NOT PROVIDED,0.28114057,2024,
Randolph,DATA NOT PROVIDED,0.285290948,2024,
Reading,DATA NOT PROVIDED,0.588349515,2024,
Readsboro,DATA NOT PROVIDED,0.290598291,2024,
Richford,DATA NOT PROVIDED,0.210556845,2024,
Richmond,DATA NOT PROVIDED,0.318735499,2024,
Ripton,DATA NOT PROVIDED,0.541760722,2024,
Rochester,DATA NOT PROVIDED,0.022012579,2024,
Rockingham,DATA NOT PROVIDED,0.036019694,2024,
Roxbury,DATA NOT PROVIDED,0.574137931,2024,
Royalton,DATA NOT PROVIDED,0.214495593,2024,
Rupert,DATA NOT PROVIDED,0.462264151,2024,
Rutland City,DATA NOT PROVIDED,0.301291121,2024,
Rutland Town,DATA NOT PROVIDED,0.370201097,2024,
Ryegate,DATA NOT PROVIDED,0.116550117,2024,
Saint Albans City,DATA NOT PROVIDED,0.245692707,2024,
Saint Albans Town,DATA NOT PROVIDED,0.301124531,2024,
Saint George,DATA NOT PROVIDED,0.048154093,2024,
Saint Johnsbury,DATA NOT PROVIDED,0.275825118,2024,
Salisbury,DATA NOT PROVIDED,0.032838983,2024,
Sandgate,DATA NOT PROVIDED,0.293010753,2024,
Searsburg,DATA NOT PROVIDED,0.151162791,2024,
Shaftsbury,DATA NOT PROVIDED,0.355503824,2024,
Sharon,DATA NOT PROVIDED,0.224916388,2024,
Sheffield,DATA NOT PROVIDED,0.102880658,2024,
Shelburne,DATA NOT PROVIDED,0.382215743,2024,
Sheldon,DATA NOT PROVIDED,0.041784703,2024,
Shoreham,DATA NOT PROVIDED,0.297085202,2024,
Shrewsbury,DATA NOT PROVIDED,0.360441767,2024,
South Burlington,DATA NOT PROVIDED,0.295158895,2024,
South Hero,DATA NOT PROVIDED,0.463892289,2024,
Springfield,DATA NOT PROVIDED,0.277429719,2024,
Stamford,DATA NOT PROVIDED,0.569688769,2024,
Stannard,DATA NOT PROVIDED,0.1625,2024,
Starksboro,DATA NOT PROVIDED,0.30171184,2024,
Stockbridge,DATA NOT PROVIDED,0.226130653,2024,
Stowe,DATA NOT PROVIDED,0.280452629,2024,
Strafford,DATA NOT PROVIDED,0.500511771,2024,
Stratton,DATA NOT PROVIDED,0.115226337,2024,
Sudbury,DATA NOT PROVIDED,0.190064795,2024,
Sunderland,DATA NOT PROVIDED,0.33559322,2024,
Sutton,DATA NOT PROVIDED,0.777777778,2024,
Swanton,DATA NOT PROVIDED,0.297353615,2024,
Thetford,DATA NOT PROVIDED,0.370875495,2024,
Tinmouth,DATA NOT PROVIDED,0.525672372,2024,
Topsham,DATA NOT PROVIDED,0.121681416,2024,
Townshend,DATA NOT PROVIDED,0.097209721,2024,
Troy,DATA NOT PROVIDED,0.044701987,2024,
Tunbridge,DATA NOT PROVIDED,0.15480427,2024,
Underihill,DATA NOT PROVIDED,0.339487566,2024,
Vergennes,DATA NOT PROVIDED,0.296867695,2024,
Vernon,DATA NOT PROVIDED,0.259340659,2024,
Vershire,DATA NOT PROVIDED,0.157534247,2024,
Victory,DATA NOT PROVIDED,0.78125,2024,
Waitsfield,DATA NOT PROVIDED,0.438492063,2024,
Walden,DATA NOT PROVIDED,0.245683931,2024,
Wallingford,DATA NOT PROVIDED,0.37776374,2024,
Waltham,DATA NOT PROVIDED,0.115089514,2024,
Wardsboro,DATA NOT PROVIDED,0.089686099,2024,
Warren,DATA NOT PROVIDED,0.075786769,2024,
Washington,DATA NOT PROVIDED,0.348410758,2024,
Waterbury,DATA NOT PROVIDED,0.327301515,2024,
Waterford,DATA NOT PROVIDED,0.281716418,2024,
Waterville,DATA NOT PROVIDED,0.12295082,2024,
Weathersfield,DATA NOT PROVIDED,0.273524721,2024,
Wells,DATA NOT PROVIDED,0.271794872,2024,
West Fairlee,DATA NOT PROVIDED,0.209708738,2024,
West Haven,DATA NOT PROVIDED,0.478723404,2024,
West Rutland,DATA NOT PROVIDED,0.271832718,2024,
West Windsor,DATA NOT PROVIDED,0.110258869,2024,
Westfield,DATA NOT PROVIDED,0.225596529,2024,
Westford,DATA NOT PROVIDED,0.468298109,2024,
Westminster,DATA NOT PROVIDED,0.225180677,2024,
Westmore,DATA NOT PROVIDED,0.21799308,2024,
Weston,DATA NOT PROVIDED,0.201834862,2024,
Weybridge,DATA NOT PROVIDED,0.362880886,2024,
Wheelock,DATA NOT PROVIDED,0.085910653,2024,
Whiting,DATA NOT PROVIDED,0.167785235,2024,
Whitingham,DATA NOT PROVIDED,0.268364349,2024,
Williamstown,DATA NOT PROVIDED,0.268469923,2024,
Williston,DATA NOT PROVIDED,0.348175778,2024,
Wilmington,DATA NOT PROVIDED,0.253445177,2024,
Windham,DATA NOT PROVIDED,0.45398773,2024,
Windsor,DATA NOT PROVIDED,0.265874489,2024,
Winhall,DATA NOT PROVIDED,0.275288092,2024,
Winooski,DATA NOT PROVIDED,0.234507042,2024,
Wolcott,DATA NOT PROVIDED,0.214574899,2024,
Woodbury,DATA NOT PROVIDED,0.167134831,2024,
Woodford,DATA NOT PROVIDED,0.249084249,2024,
Woodstock,DATA NOT PROVIDED,0.447432763,2024,
Worcester,DATA NOT PROVIDED,0.308841843,2024,